feature,score,min,max,n_null,n_gt1w,type
x363,2115,-1.0,693.0,0,0,numeric
x778,1957,-2,21778,19,1,numeric
x767,1902,-2,302151,19,1541,numeric
x96,1724,-2.0,101.0,83,0,numeric
x148,1673,-2.0,23.45,19,0,numeric
x559,1642,-2,39033,19,122,numeric
x171,1625,-2.0,25.17,19,0,numeric
x584,1578,-2,60289,19,45,numeric
x879,1540,-2,24865,19,4,numeric
x368,1506,-2.0,41.0,92,0,numeric
x406,1501,-2,16707,19,62,numeric
x58,1494,-2.0,101.0,83,0,numeric
x944,1493,-2.0,3223696.97,285,136,numeric
x352,1479,-0.99,727.0,0,0,numeric
x114,1456,-2.0,37.19,19,0,numeric
x606,1446,-2,86221,19,96,numeric
x235,1416,-2.0,101.0,92,0,numeric
x791,1409,-2,29983,19,4,numeric
x412,1408,-2,1001,19,0,numeric
x236,1403,-2.0,101.0,131,0,numeric
x29,1395,-2.0,89.8,83,0,numeric
x82,1387,-2.0,87.59,92,0,numeric
x735,1378,-2,444,19,0,numeric
x137,1374,-2.0,101.0,83,0,numeric
x286,1373,-2,66371,19,29,numeric
x189,1370,-2.0,25.0,19,0,numeric
x760,1357,-2,12693,19,2,numeric
x592,1355,-2,131275,19,60,numeric
x76,1350,-2.0,72.85,19,0,numeric
x59,1346,-2.0,76.0,83,0,numeric
x772,1345,-2,19914,19,5,numeric
x227,1338,-2.0,26.68,19,0,numeric
x367,1327,-2.0,34.2,92,0,numeric
x407,1320,-2,735856,19,83,numeric
x138,1320,-2.0,78.19,83,0,numeric
x252,1285,-2,95054,19,31,numeric
x26,1282,-2.0,86.71,83,0,numeric
x951,1259,-2.0,14749.62,138,2,numeric
x18,1252,-2.0,41.86,92,0,numeric
x93,1241,-2.0,101.0,83,0,numeric
x607,1231,-2,53194,19,10,numeric
x654,1225,-2,29715,19,13,numeric
x689,1223,-2,3360,19,0,numeric
x554,1222,-2,313,667,0,numeric
x211,1206,-2.0,101.0,131,0,numeric
x940,1196,-2.0,342076.0,285,38,numeric
x204,1177,-2.0,73.57,92,0,numeric
x212,1172,-2.0,101.0,131,0,numeric
x769,1171,-2,120626,19,38,numeric
x95,1169,-2.0,80.68,83,0,numeric
x941,1165,-2.0,499088.41,285,67,numeric
x28,1158,-2.0,101.0,83,0,numeric
x153,1156,-2.0,42.67,19,0,numeric
x218,1156,-2.0,23.9,131,0,numeric
x161,1153,-2.0,101.0,131,0,numeric
x134,1147,-2.0,101.0,83,0,numeric
x101,1140,-2.0,101.0,130,0,numeric
x226,1133,-2.0,26.56,19,0,numeric
x462,1132,-1,165,0,0,numeric
x2,1127,-2.0,57.41,19,0,numeric
x270,1126,-2,371790,19,852,numeric
x27,1126,-2.0,101.0,83,0,numeric
x234,1124,-2.0,33.22,92,0,numeric
x433,1114,-2.0,2481.62,52,0,numeric
x690,1110,-2,27934,19,3,numeric
x471,1109,-2,356,20,0,numeric
x141,1106,-2.0,101.0,130,0,numeric
x591,1094,-2,658,19,0,numeric
x112,1090,-2.0,54.13,19,0,numeric
x364,1082,-2.0,101.0,92,0,numeric
x552,1079,-2,258,41,0,numeric
x578,1073,-2,8403,19,0,numeric
x10,1070,-2.0,79.23,19,0,numeric
x135,1070,-2.0,78.8,83,0,numeric
x175,1054,-2.0,31.19,19,0,numeric
x721,1046,-2,10830,19,2,numeric
x822,1043,-2,95327,19,329,numeric
x99,1043,-2.0,101.0,130,0,numeric
x524,1042,-2,40812,19,14,numeric
x30,1042,-2.0,101.0,130,0,numeric
x13,1041,-2.0,53.09,19,0,numeric
x6,1037,-2.0,22.77,19,0,numeric
x1,1030,-2.0,35.18,19,0,numeric
x143,1029,-2.0,101.0,130,0,numeric
x9,1025,-2.0,34.88,19,0,numeric
x293,1020,-2.0,169692.14,19,474,numeric
x768,1013,-2,69028,19,31,numeric
x79,1012,-2.0,37.03,19,0,numeric
x144,1009,-2.0,101.0,130,0,numeric
x687,1005,-2,19157,19,29,numeric
x766,996,-2,250,19,0,numeric
x219,994,-2.0,43.86,131,0,numeric
x168,989,-2.0,25.11,19,0,numeric
x21,986,-2.0,69.95,131,0,numeric
x422,984,-2,255,19,0,numeric
x180,984,-2.0,34.33,92,0,numeric
x67,982,-2.0,101.0,130,0,numeric
x53,982,-2.0,101.0,92,0,numeric
x950,981,-87.86,9811.62,161,0,numeric
x995,977,-2,974,19,0,numeric
x428,976,-2.0,101.0,52,0,numeric
x131,967,-2.0,43.86,131,0,numeric
x195,966,-2.0,26.42,19,0,numeric
x132,963,-2.0,101.0,131,0,numeric
x127,963,-2.0,51.0,131,0,numeric
x25,962,-2.0,67.05,83,0,numeric
x551,960,-2,364,2307,0,numeric
x722,958,-2,10946,19,1,numeric
x65,957,-2.0,101.0,130,0,numeric
x34,956,-2.0,35.47,19,0,numeric
x94,953,-2.0,101.0,83,0,numeric
x362,949,-1.0,621.0,0,0,numeric
x558,948,-2,52515,19,145,numeric
x92,946,-2.0,101.0,83,0,numeric
x357,942,-101.26,9657.69,160,0,numeric
x520,938,-2,27608,19,1,numeric
x107,938,-2.0,32.87,19,0,numeric
x14,936,-2.0,32.34,19,0,numeric
x192,933,-2.0,33.22,19,0,numeric
x41,931,-2.0,35.24,19,0,numeric
x683,930,-2,20358,19,4,numeric
x116,929,-2.0,21.38,19,0,numeric
x142,928,-2.0,101.0,130,0,numeric
x237,927,-2.0,51.0,131,0,numeric
x159,925,-2.0,47.1,92,0,numeric
x178,924,-2.0,51.0,92,0,numeric
x115,923,-2.0,42.8,19,0,numeric
x404,908,-2,472,19,0,numeric
x346,906,-0.99,2951.0,0,0,numeric
x820,897,-2,321,989,0,numeric
x126,896,-2.0,101.0,131,0,numeric
x136,896,-2.0,52.79,83,0,numeric
x38,896,-2.0,46.48,19,0,numeric
x356,887,-1.0,815.0,0,0,numeric
x560,885,-2,14518,19,3,numeric
x469,884,-1.0,2.2,0,0,numeric
x846,884,-2,74672,19,27,numeric
x125,884,-2.0,101.0,131,0,numeric
x943,878,-2.0,49967.49,285,8,numeric
x563,877,-2,18667,19,1,numeric
x398,875,-86,735675,22,1,numeric
x685,871,-2,241520,19,1893,numeric
x103,869,-2.0,101.0,130,0,numeric
x458,868,-1,38,0,0,numeric
x68,867,-2.0,101.0,130,0,numeric
x409,864,-2.0,1825.0,19,0,numeric
x216,864,-2.0,67.67,131,0,numeric
x852,861,-2,24190,19,33,numeric
x738,861,-2,10182,19,1,numeric
x209,861,-2.0,29.57,92,0,numeric
x298,859,-2.0,101378.31,19,591,numeric
x546,858,-2,352,3900,0,numeric
x66,857,-2.0,101.0,130,0,numeric
x43,856,-2.0,84.56,19,0,numeric
x193,855,-2.0,51.32,19,0,numeric
x199,854,-2.0,28.08,19,0,numeric
x158,852,-2.0,19.52,92,0,numeric
x22,850,-2.0,51.0,131,0,numeric
x272,844,-2,45270,19,33,numeric
x164,842,-2.0,51.0,131,0,numeric
x87,841,-2.0,86.71,131,0,numeric
x956,840,-2,62,4421,0,numeric
x337,839,-2,735486,19,231,numeric
x392,838,-2,735676,19,1,numeric
x208,837,-2.0,101.0,92,0,numeric
x7,837,-2.0,59.6,19,0,numeric
x55,835,-2.0,101.0,131,0,numeric
x952,834,-183.05,8903.83,206,0,numeric
x102,830,-2.0,101.0,130,0,numeric
x8,828,-2.0,43.22,19,0,numeric
x549,823,-2,344,846,0,numeric
x408,820,-2,679,19,0,numeric
x825,819,-2,52935,19,32,numeric
x37,818,-2.0,19.95,19,0,numeric
x98,816,-2.0,101.0,130,0,numeric
x104,815,-2.0,101.0,130,0,numeric
x257,811,-2,30562,19,38,numeric
x162,811,-2.0,101.0,131,0,numeric
x842,809,-2,35157,19,9,numeric
x113,809,-2.0,52.76,19,0,numeric
x734,808,-2,57115,19,128,numeric
x867,805,-2,19127,19,2,numeric
x366,804,-2.0,7748104.03,92,247,numeric
x130,803,-2.0,101.0,131,0,numeric
x942,798,-2.0,3483649.0,285,172,numeric
x287,797,-2,33083,19,30,numeric
x97,795,-2.0,29.57,83,0,numeric
x945,793,-2.0,5174.04,285,0,numeric
x823,787,-2,12235,19,7,numeric
x163,787,-2.0,101.0,131,0,numeric
x645,786,-2,334,2386,0,numeric
x1026,786,-2,98,19,0,numeric
x239,786,-2.0,53.78,131,0,numeric
x961,785,-2,11,4421,0,numeric
x120,784,-2.0,101.0,92,0,numeric
x35,782,-2.0,43.82,19,0,numeric
x829,780,-2,39369,19,22,numeric
x490,780,-2,121,19,0,numeric
x54,778,-2.0,101.0,131,0,numeric
x999,776,-2,446,19,0,numeric
x633,774,-2,71337,19,415,numeric
x809,771,-2,2310,19,0,numeric
x482,769,-2,135923,23,758,numeric
x191,769,-2.0,35.61,19,0,numeric
x167,769,-2.0,27.7,19,0,numeric
x399,768,-2,123,19,0,numeric
x499,765,-2,345,19,0,numeric
x181,765,-2.0,41.0,92,0,numeric
x194,764,-2.0,13.24,19,0,numeric
x568,763,-2,4461,19,0,numeric
x629,761,-2,175118,19,180,numeric
x698,761,-2,66453,19,7,numeric
x105,761,-2.0,101.0,130,0,numeric
x139,759,-2.0,36.15,83,0,numeric
x284,757,-2,49394,19,25,numeric
x949,757,-2.0,7914.44,285,0,numeric
x656,756,-2,27948,19,2,numeric
x224,755,-2.0,52.2,19,0,numeric
x609,752,-2,4967,19,0,numeric
x652,752,-2,119,19,0,numeric
x336,751,-2,279,7095,0,numeric
x528,750,-2,29523,19,9,numeric
x432,747,-2.0,2590.06,52,0,numeric
x289,746,-2,362,907,0,numeric
x122,745,-2.0,67.67,92,0,numeric
x119,744,-2.0,57.37,92,0,numeric
x42,744,-2.0,49.37,19,0,numeric
x359,740,-1.0,1134855.0,0,9358,numeric
x873,740,-2,5937,19,0,numeric
x129,737,-2.0,67.67,131,0,numeric
x110,737,-2.0,47.23,19,0,numeric
x172,735,-2.0,52.72,19,0,numeric
x1024,734,-2,800,19,0,numeric
x184,730,-2.0,101.0,131,0,numeric
x858,729,-2,24488,19,3,numeric
x730,728,-2,421,4139,0,numeric
x460,725,-1,216,0,0,numeric
x231,722,-2.0,27.5,19,0,numeric
x486,721,-2,2028939,20,9340,numeric
x145,721,-2.0,21.91,19,0,numeric
x3,720,-2.0,49.99,19,0,numeric
x864,718,-2,7079,19,0,numeric
x71,718,-2.0,27.65,19,0,numeric
x947,713,-2.0,8314.53,285,0,numeric
x151,713,-2.0,27.09,19,0,numeric
x44,712,-2.0,54.6,19,0,numeric
x271,710,-2,37682,19,43,numeric
x361,709,-1.0,708503.0,0,9700,numeric
x305,709,-2,875861,19,2241,numeric
x713,709,-2,107454,19,6,numeric
x358,706,-1.0,13121.0,0,1,numeric
x472,705,-2,396,20,0,numeric
x118,704,-2.0,80.38,92,0,numeric
x74,701,-2.0,36.13,19,0,numeric
x190,701,-2.0,22.97,19,0,numeric
x557,698,-2,235197,19,4440,numeric
x771,698,-2,122907,19,129,numeric
x389,696,-2,186,19,0,numeric
x418,695,-2,18,19,0,numeric
x395,690,-2,280,19,0,numeric
x81,690,-2.0,101.0,92,0,numeric
x282,689,-2,8903,19,0,numeric
x427,689,-2.0,152.31,52,0,numeric
x210,687,-2.0,77.82,92,0,numeric
x46,686,-2.0,34.89,19,0,numeric
x182,685,-2.0,73.45,92,0,numeric
x140,682,-2.0,101.0,130,0,numeric
x202,681,-2.0,11.8,19,0,numeric
x681,680,-2,144,19,0,numeric
x477,679,-2,3401,20,0,numeric
x292,679,-2,1444,19,0,numeric
x166,679,-2.0,26.0,131,0,numeric
x160,676,-2.0,86.71,131,0,numeric
x185,673,-2.0,101.0,131,0,numeric
x530,672,-2,30047,19,19,numeric
x474,672,-2,737,20,0,numeric
x123,670,-2.0,101.0,131,0,numeric
x424,669,-2,62,19,0,numeric
x117,668,-2.0,69.76,92,0,numeric
x229,668,-2.0,35.76,19,0,numeric
x1010,665,-2,399,19,0,numeric
x173,665,-2.0,36.29,19,0,numeric
x203,664,-2.0,17.51,19,0,numeric
x562,663,-2,16086,19,2,numeric
x379,661,-2,941,19,0,numeric
x183,660,-2.0,101.0,131,0,numeric
x217,660,-2.0,101.0,131,0,numeric
x214,660,-2.0,101.0,131,0,numeric
x240,659,-2.0,101.0,131,0,numeric
x146,658,-2.0,22.95,19,0,numeric
x297,657,-2.0,853.0,19,0,numeric
x435,657,-2.0,82.05,52,0,numeric
x241,654,-2,74078,19,36,numeric
x165,653,-2.0,101.0,131,0,numeric
x1023,650,-2,488,19,0,numeric
x729,650,-2,370,9554,0,numeric
x953,647,-35.74,9988.8,144,0,numeric
x91,645,-2.0,61.06,83,0,numeric
x763,643,-2,74566,19,192,numeric
x228,642,-2.0,29.0,19,0,numeric
x179,641,-2.0,52.61,92,0,numeric
x716,640,-2,129552,19,150,numeric
x963,637,-2,18,4421,0,numeric
x865,636,-2,20836,19,1,numeric
x133,634,-2.0,62.62,83,0,numeric
x849,633,-2,76377,19,31,numeric
x383,632,-2,142,19,0,numeric
x296,628,-2.0,526.7,19,0,numeric
x60,627,-2.0,101.0,83,0,numeric
x850,625,-2,11342,19,2,numeric
x88,624,-2.0,101.0,131,0,numeric
x610,623,-2,5960,19,0,numeric
x149,622,-2.0,24.53,19,0,numeric
x417,621,0,3,0,0,category
x77,621,-2.0,20.18,19,0,numeric
x89,620,-2.0,101.0,131,0,numeric
x24,620,-2.0,53.78,131,0,numeric
x31,617,-2.0,101.0,130,0,numeric
x757,617,-2,97,19,0,numeric
x85,616,-2.0,28.94,92,0,numeric
x805,614,-2,21849,19,9,numeric
x1022,612,-2,210,19,0,numeric
x19,611,-2.0,101.0,131,0,numeric
x804,608,-2,49130,19,13,numeric
x653,608,-2,20517,19,12,numeric
x4,608,-2.0,79.13,19,0,numeric
x824,606,-2,193,19,0,numeric
x613,605,-2,83076,19,107,numeric
x205,605,-2.0,58.14,92,0,numeric
x550,604,-2,372,6115,0,numeric
x731,603,-2,358,6130,0,numeric
x72,603,-2.0,50.0,19,0,numeric
x121,602,-2.0,38.04,92,0,numeric
x479,598,-2,755,20,0,numeric
x1129,597,0,9,0,0,category
x51,597,-2.0,29.57,92,0,numeric
x792,595,-2,14776,19,10,numeric
x385,595,-2,209,19,0,numeric
x353,594,-1.0,3677.0,0,0,numeric
x84,594,-2.0,48.45,92,0,numeric
x403,591,-2,839,19,0,numeric
x15,588,-2.0,69.0,92,0,numeric
x200,587,-2.0,35.29,19,0,numeric
x400,585,-2,694,19,0,numeric
x737,582,-2,102,19,0,numeric
x752,581,-2,8232,19,0,numeric
x57,579,-2.0,101.0,131,0,numeric
x909,579,-2,83,4951,0,numeric
x50,579,-2.0,15.29,92,0,numeric
x222,579,-2.0,15.08,19,0,numeric
x52,577,-2.0,47.1,92,0,numeric
x73,577,-2.0,14.73,19,0,numeric
x475,576,-2,1522,20,0,numeric
x397,575,-2,1008,19,0,numeric
x997,575,-2,462,19,0,numeric
x169,574,-2.0,30.61,19,0,numeric
x246,573,-2,199398,19,871,numeric
x781,573,-2,10296,19,1,numeric
x511,571,-2,677180,19,91,numeric
x350,570,-1.0,1061.0,0,0,numeric
x155,570,-2.0,43.86,92,0,numeric
x699,569,-2,7310,19,0,numeric
x23,568,-2.0,45.79,131,0,numeric
x111,567,-2.0,59.88,19,0,numeric
x748,566,-2,83076,19,72,numeric
x634,566,-2,25111,19,2,numeric
x494,566,-2,301,19,0,numeric
x1003,566,-2,223,19,0,numeric
x11,566,-2.0,79.1,19,0,numeric
x177,566,-2.0,51.0,92,0,numeric
x48,565,-2.0,73.45,92,0,numeric
x354,564,-1.0,379329.0,0,2026,numeric
x514,561,-2,15951,19,2,numeric
x186,560,-2.0,35.85,19,0,numeric
x1019,557,-2,110,19,0,numeric
x957,553,-2,62,4421,0,numeric
x64,547,-2.0,101.0,130,0,numeric
x826,546,-2,8362,19,0,numeric
x70,546,-2.0,46.41,19,0,numeric
x156,544,-2.0,101.0,92,0,numeric
x413,544,-2,55,19,0,numeric
x215,544,-2.0,51.0,131,0,numeric
x187,542,-2.0,14.39,19,0,numeric
x128,541,-2.0,101.0,131,0,numeric
x986,540,-2,123,19,0,numeric
x946,535,-2.0,2945.04,285,0,numeric
x152,534,-2.0,41.65,19,0,numeric
x473,532,-2,618,20,0,numeric
x304,530,-2,2922,19,0,numeric
x75,530,-2.0,20.98,19,0,numeric
x299,529,-2,1444,19,0,numeric
x230,528,-2.0,17.43,19,0,numeric
x483,526,-2,586,20,0,numeric
x1001,524,-2,100,19,0,numeric
x746,522,-2,14449,19,2,numeric
x503,522,-2,285,83,0,numeric
x40,521,-2.0,17.77,19,0,numeric
x981,520,-2,183,19,0,numeric
x1005,520,-2,74,19,0,numeric
x1117,518,0,36,0,0,category
x868,518,-2,36416,19,2,numeric
x1018,515,-2,192,19,0,numeric
x268,513,-2,1383,19,0,numeric
x651,511,-2,550,19,0,numeric
x90,509,-2.0,101.0,131,0,numeric
x579,508,-2,466,19,0,numeric
x157,508,-2.0,41.0,92,0,numeric
x431,505,-2.0,5083.35,52,0,numeric
x63,504,-2.0,101.0,130,0,numeric
x556,503,-2,185,19,0,numeric
x62,503,-2.0,101.0,83,0,numeric
x223,503,-2.0,31.21,19,0,numeric
x47,499,-2.0,54.4,92,0,numeric
x527,498,-2,305,19,0,numeric
x124,497,-2.0,101.0,131,0,numeric
x109,497,-2.0,42.13,19,0,numeric
x581,496,-2,11611,19,1,numeric
x176,494,-2.0,101.0,92,0,numeric
x61,493,-2.0,35.15,83,0,numeric
x648,492,-2,399,6585,0,numeric
x16,492,-2.0,73.57,92,0,numeric
x232,491,-2.0,69.0,92,0,numeric
x188,490,-2.0,22.39,19,0,numeric
x707,488,-2,8618,19,0,numeric
x601,487,-2,3020,19,0,numeric
x878,486,-2,724,19,0,numeric
x476,484,-2,2328,20,0,numeric
x686,483,-2,26437,19,33,numeric
x207,480,-2.0,56.56,92,0,numeric
x150,480,-2.0,41.0,19,0,numeric
x470,478,-1,399,0,0,numeric
x512,478,-2,134048,19,3,numeric
x5,476,-2.0,21.09,19,0,numeric
x583,475,-2,793,19,0,numeric
x323,475,-2.0,33.0,19,0,numeric
x614,472,-2,17023,19,4,numeric
x575,472,-2,11973,19,2,numeric
x225,471,-2.0,16.79,19,0,numeric
x1120,470,0,9,0,0,category
x288,468,-2,429,7817,0,numeric
x843,466,-2,12008,19,2,numeric
x478,465,-2,4370,20,0,numeric
x548,464,-2,261,47,0,numeric
x481,461,-2,4370,20,0,numeric
x764,459,-2,18721,19,4,numeric
x553,459,-2,583,6510,0,numeric
x83,459,-2.0,101.0,92,0,numeric
x574,458,-2,150504,19,2,numeric
x36,458,-2.0,23.65,19,0,numeric
x394,455,-2,73,19,0,numeric
x382,453,-2,124,19,0,numeric
x108,453,-2.0,20.55,19,0,numeric
x17,452,-2.0,101.0,92,0,numeric
x206,451,-2.0,101.0,92,0,numeric
x221,451,-2.0,11.25,19,0,numeric
x32,450,-2.0,101.0,130,0,numeric
x704,448,-2,1071,19,0,numeric
x1004,448,-2,297,19,0,numeric
x233,448,-2.0,101.0,92,0,numeric
x977,447,-2,1777,19,0,numeric
x277,445,-2,22805,19,4,numeric
x39,445,-2.0,18.6,19,0,numeric
x238,444,-2.0,101.0,131,0,numeric
x365,443,-2,6145,92,0,numeric
x12,442,-2.0,19.6,19,0,numeric
x201,442,-2.0,15.92,19,0,numeric
x147,440,-2.0,21.32,19,0,numeric
x565,439,-2,6137,19,0,numeric
x405,439,-2,659,19,0,numeric
x526,439,-2,241,19,0,numeric
x856,438,-2,324,19,0,numeric
x154,437,-2.0,101.0,92,0,numeric
x835,436,-2,9416,19,0,numeric
x1077,436,-2,276,4951,0,numeric
x994,435,-2,1139,19,0,numeric
x387,435,-2,97,19,0,numeric
x259,433,-2,18967,19,4,numeric
x996,433,-2,875,19,0,numeric
x590,433,-2,545,19,0,numeric
x384,433,-2,154,19,0,numeric
x836,432,-2,677180,19,54,numeric
x197,432,-2.0,15.77,19,0,numeric
x106,431,-2.0,35.8,19,0,numeric
x220,430,-2.0,31.61,19,0,numeric
x677,428,-2,16778,19,2,numeric
x582,428,-2,1149,19,0,numeric
x254,427,-2,24780,19,1,numeric
x196,427,-2.0,28.23,19,0,numeric
x611,425,-2,150504,19,4,numeric
x401,425,-2,506,19,0,numeric
x585,420,-2,1017,19,0,numeric
x393,414,-2,2323,19,0,numeric
x1109,413,0,34,0,0,category
x49,413,-2.0,29.57,92,0,numeric
x334,413,-2,6,19,0,numeric
x1137,409,0,9,0,0,category
x56,409,-2.0,20.35,131,0,numeric
x213,405,-2.0,101.0,131,0,numeric
x20,404,-2.0,101.0,131,0,numeric
x782,401,-2,5310,19,0,numeric
x818,401,-2,386,13010,0,numeric
x960,400,-2.0,293.26,4421,0,numeric
x80,400,-2.0,101.0,92,0,numeric
x573,399,-2,134048,19,1,numeric
x86,398,-2.0,101.0,92,0,numeric
x697,398,-2,99,19,0,numeric
x100,398,-2.0,77.32,130,0,numeric
x517,397,-2,3524,19,0,numeric
x674,394,-2,5211,19,0,numeric
x69,394,-2.0,67.67,130,0,numeric
x434,393,-2.0,152.31,52,0,numeric
x369,390,-2,7673,19,0,numeric
x828,390,-2,122,19,0,numeric
x529,388,-2,33029,19,13,numeric
x373,388,-2,1212,19,0,numeric
x174,387,-2.0,19.45,19,0,numeric
x958,386,-2.0,279.69,6105,0,numeric
x1138,385,0,34,0,0,category
x770,384,-2,187,19,0,numeric
x33,384,-2.0,101.0,130,0,numeric
x295,383,-2,1321,19,0,numeric
x979,381,-2,1217,19,0,numeric
x78,381,-2.0,15.2,19,0,numeric
x349,380,-1.0,93.17,0,0,numeric
x342,380,-2,5614,19,0,numeric
x857,380,-2,168,19,0,numeric
x386,377,-2,145,19,0,numeric
x446,373,-2,17,13651,0,numeric
x347,372,-1.0,1597489.0,0,13231,numeric
x374,372,-2,1161,19,0,numeric
x643,371,-2,3524,19,0,numeric
x959,369,-2.0,248.14,4421,0,numeric
x655,369,-2,137,19,0,numeric
x749,360,-2,15951,19,1,numeric
x253,360,-2,15476,19,1,numeric
x306,360,-2.0,621.0,19,0,numeric
x750,359,-2,11386,19,1,numeric
x839,356,-2,51,19,0,numeric
x45,354,-2.0,34.5,19,0,numeric
x1020,353,-2,240,19,0,numeric
x862,353,-2,147,19,0,numeric
x802,352,-2,4705,19,0,numeric
x1055,351,-2,867,4951,0,numeric
x533,350,-2,691,19,0,numeric
x430,349,-2.0,457.0,52,0,numeric
x1029,349,-2,88,19,0,numeric
x522,348,-2,38436,19,7,numeric
x678,348,-2,13857,19,1,numeric
x564,347,-2,63,83,0,numeric
x348,346,-1.0,101.0,0,0,numeric
x700,344,-2,104,19,0,numeric
x964,344,-2,20,4421,0,numeric
x513,343,-2,146503,19,7,numeric
x509,343,-2,633,19,0,numeric
x990,343,-2,293,19,0,numeric
x461,341,-1,51,0,0,numeric
x294,340,-2,1326,19,0,numeric
x837,337,-2,146503,19,4,numeric
x532,336,-2,6189,19,0,numeric
x832,335,-2,1780,19,0,numeric
x555,335,-2,1362,19,0,numeric
x890,334,-2,80,4951,0,numeric
x497,330,-2,434,83,0,numeric
x525,329,-2,29964,19,7,numeric
x485,328,-2,5556,20,0,numeric
x355,327,-0.97,18677.0,0,7,numeric
x676,327,-2,11072,19,1,numeric
x396,327,-2,296,19,0,numeric
x733,327,-2,197,19,0,numeric
x992,324,-2,617,19,0,numeric
x851,324,-2,118,19,0,numeric
x429,323,-2,1482,52,0,numeric
x993,323,-2,358,19,0,numeric
x985,323,-2,176,19,0,numeric
x765,323,-2,169,19,0,numeric
x1057,322,-2,1127,4951,0,numeric
x1060,322,-2,356,4951,0,numeric
x978,321,-2,1222,19,0,numeric
x1090,320,-2,2304,4951,0,numeric
x1110,319,0,34,0,0,category
x170,319,-2.0,20.9,19,0,numeric
x954,318,-2,19,4421,0,numeric
x647,317,-2,396,10188,0,numeric
x987,313,-2,157,19,0,numeric
x1114,312,0,37,0,0,category
x388,312,-2,266,19,0,numeric
x329,310,-25.9121,52.79815,4281,0,numeric
x390,309,-2,35,19,0,numeric
x341,308,-2,3521,19,0,numeric
x545,305,-2,1322,19,0,numeric
x631,305,-2,359,19,0,numeric
x255,303,-2,1751,19,0,numeric
x602,303,-2,1051,19,0,numeric
x679,303,-2,82,19,0,numeric
x266,299,-2,877,19,0,numeric
x325,298,-2,64,19,0,numeric
x510,297,-2,104,19,0,numeric
x534,296,-2,163,19,0,numeric
x1011,296,-2,90,19,0,numeric
x796,293,-2,25079,19,4,numeric
x847,293,-2,629,19,0,numeric
x593,293,-2,25,44,0,numeric
x982,290,-2,173,19,0,numeric
x198,290,-2.0,24.6,19,0,numeric
x372,289,-2,256,19,0,numeric
x380,288,-2,17,19,0,numeric
x506,287,-2,1076,19,0,numeric
x267,287,-2,126,19,0,numeric
x1008,287,-2,74,19,0,numeric
x976,284,-2,2579,19,0,numeric
x736,283,-2,122,19,0,numeric
x377,283,-2,44,19,0,numeric
x761,282,-2,13895,19,1,numeric
x339,282,-2,2211,19,0,numeric
x1064,281,-2,363,4951,0,numeric
x914,281,-2.0,199.76,4951,0,numeric
x984,281,-2,41,19,0,numeric
x623,279,-2,14592,19,1,numeric
x1108,278,0,37,0,0,category
x283,278,-2,352,19,0,numeric
x1135,275,0,37,0,0,category
x762,275,-2,647,19,0,numeric
x1104,272,-2,323,4951,0,numeric
x371,271,-2,251,19,0,numeric
x1012,271,-2,52,19,0,numeric
x1009,266,-2,55,19,0,numeric
x624,265,-2,18541,19,1,numeric
x745,265,-2,63,19,0,numeric
x777,263,-2,151,19,0,numeric
x703,262,-2,2693,19,0,numeric
x531,261,-2,8073,19,0,numeric
x1105,261,-2,447,4951,0,numeric
x866,261,-2,125,19,0,numeric
x595,260,-2,30,19,0,numeric
x650,254,-2,417,10943,0,numeric
x844,253,-2,9520,19,0,numeric
x344,253,-2.0,1326.94,34,0,numeric
x875,252,-2,654,19,0,numeric
x684,251,-2,123,19,0,numeric
x800,249,-2,707,19,0,numeric
x256,248,-2,376,19,0,numeric
x274,246,-2,357,12095,0,numeric
x466,245,-1,38,0,0,numeric
x1102,245,-2,2450,4951,0,numeric
x747,243,-2,620,19,0,numeric
x827,242,-2,155,19,0,numeric
x335,242,-2,6,19,0,numeric
x360,241,-1.0,11279.0,0,1,numeric
x340,241,-2,5914,19,0,numeric
x983,240,-2,116,19,0,numeric
x838,239,-2,914,19,0,numeric
x948,237,-2.0,844.0,286,0,numeric
x307,236,-2,1692,19,0,numeric
x410,235,-2.0,2307.0,19,0,numeric
x1074,234,-2,12360,4951,1,numeric
x523,234,-2,5785,19,0,numeric
x1112,232,0,34,0,0,category
x1015,232,-2,826,19,0,numeric
x966,231,-2.0,22414533.0,12142,1844,numeric
x682,230,-2,113,19,0,numeric
x343,229,-2.0,1000.46,170,0,numeric
x1059,229,-2,931,4951,0,numeric
x790,229,-2,126,19,0,numeric
x265,227,-2,21838,19,2,numeric
x630,227,-2,2118,19,0,numeric
x626,227,-2,1860,19,0,numeric
x1049,227,-2,34,19,0,numeric
x245,225,-2,303,19,0,numeric
x480,223,-2,563,21,0,numeric
x338,222,-2,3539,19,0,numeric
x1017,220,-2,32,19,0,numeric
x1116,218,0,37,0,0,category
x1087,217,-2,9996,4951,0,numeric
x1078,217,-2.0,221.85,4951,0,numeric
x807,217,-2,15,19,0,numeric
x589,216,-2,3287,19,0,numeric
x459,212,-1,926,0,0,numeric
x436,211,-2,2864,52,0,numeric
x918,211,-2,467,4951,0,numeric
x869,210,-2,40,19,0,numeric
x421,208,-2,246,19,0,numeric
x1072,207,-2,9410,4951,0,numeric
x988,207,-2,546,19,0,numeric
x1115,206,0,37,0,0,category
x1083,206,-2,2706,4951,0,numeric
x889,206,-2,21,4951,0,numeric
x484,205,-2,2991,20,0,numeric
x535,203,-2,120,19,0,numeric
x628,202,-2,305,19,0,numeric
x848,200,-2,113,19,0,numeric
x1103,199,-2,560,4951,0,numeric
x672,199,-2,104,19,0,numeric
x1048,198,-2,176,19,0,numeric
x1113,197,0,34,0,0,category
x285,197,-2,498,19,0,numeric
x521,194,-2,465,19,0,numeric
x493,194,-2,347,83,0,numeric
x933,194,-2,72,4951,0,numeric
x803,192,-2,250,19,0,numeric
x709,191,-2,78,19,0,numeric
x411,190,0,8,0,0,category
x370,190,-2,10537,19,1,numeric
x1025,190,-2,82,19,0,numeric
x783,189,-2,5496,19,0,numeric
x258,188,-2,234,19,0,numeric
x756,187,-2,6509,19,0,numeric
x251,184,-2,20583,19,5,numeric
x391,183,-2.0,4131.0,19,0,numeric
x693,182,-2,1537,19,0,numeric
x402,182,-2,96,19,0,numeric
x594,181,-2,4374,19,0,numeric
x467,180,-1,12,0,0,numeric
x657,180,-2,369,19,0,numeric
x580,180,-2,203,19,0,numeric
x569,180,-2,37,19,0,numeric
x242,179,-2,13643,19,1,numeric
x968,178,-2,22414533,12142,1209,numeric
x980,178,-2,115,19,0,numeric
x955,178,-2,66,4421,0,numeric
x456,174,-2,35,13778,0,numeric
x576,173,-2,274,19,0,numeric
x1131,172,0,36,0,0,category
x1016,172,-2,37,19,0,numeric
x273,171,-2,341,19,0,numeric
x793,171,-2,113,19,0,numeric
x880,171,-2,58,19,0,numeric
x605,170,-2,432,19,0,numeric
x378,170,-2,65,19,0,numeric
x260,169,-2,171,19,0,numeric
x806,169,-2,107,19,0,numeric
x780,169,-2,11,44,0,numeric
x351,167,-0.96,19559.0,0,10,numeric
x375,166,-2,45,19,0,numeric
x263,165,-2,1070,19,0,numeric
x819,165,-2,388,13061,0,numeric
x330,165,-2.0,134.398,4280,0,numeric
x967,164,-2,22414533,12142,1881,numeric
x720,163,-2,7310,19,0,numeric
x269,163,-2,324,19,0,numeric
x1021,163,-2,102,19,0,numeric
x444,161,-2,2,13651,0,category
x621,158,-2,1322,19,0,numeric
x376,158,-2,53,19,0,numeric
x1035,154,-2,2,3642,0,category
x1068,152,-2,1520,4951,0,numeric
x732,152,-2,148,19,0,numeric
x465,151,-1,389,0,0,numeric
x794,151,-2,113,19,0,numeric
x795,150,-2,915,19,0,numeric
x705,150,-2,290,19,0,numeric
x717,148,-2,370,19,0,numeric
x715,147,-2,8955,19,0,numeric
x915,147,-2,248,4951,0,numeric
x998,147,-2,66,19,0,numeric
x332,147,-2,39,19,0,numeric
x577,145,-2,59,19,0,numeric
x935,144,-2,83,4951,0,numeric
x920,143,-2,371,4951,0,numeric
x608,143,-2,71,19,0,numeric
x596,143,-2,21,19,0,numeric
x303,143,-2,2,186,0,category
x646,142,-2,238,13169,0,numeric
x243,142,-2,155,19,0,numeric
x547,141,-2,388,13030,0,numeric
x1130,139,0,9,0,0,category
x1053,136,-2,104,4951,0,numeric
x632,136,-2,83,19,0,numeric
x1080,135,-2,227,4951,0,numeric
x874,135,-2,154,19,0,numeric
x991,132,-2,84,19,0,numeric
x1118,130,0,35,0,0,category
x972,130,-2.0,22785058.0,13588,1335,numeric
x659,130,-2,91,19,0,numeric
x870,130,-2,26,19,0,numeric
x649,129,-2,374,13242,0,numeric
x989,129,-2,27,19,0,numeric
x932,129,-2,16,4951,0,numeric
x1111,128,0,28,0,0,category
x1084,128,-2,1066,4951,0,numeric
x751,128,-2,63,19,0,numeric
x892,128,-2,5,4951,0,numeric
x345,127,-2.0,1749.13,19,0,numeric
x779,125,-2,6,44,0,numeric
x974,124,-2,22785058,13588,862,numeric
x845,124,-2,5076,19,0,numeric
x1041,124,-2,2,3647,0,category
x502,123,-2,1386,19,0,numeric
x381,122,-2,14638,19,9,numeric
x801,122,-2,91,19,0,numeric
x1062,121,-2,281,4951,0,numeric
x863,121,-2,117,19,0,numeric
x464,120,-1,199,0,0,numeric
x1007,120,-2,25,19,0,numeric
x586,119,-2,215,19,0,numeric
x821,119,-2,122,19,0,numeric
x680,119,-2,90,19,0,numeric
x415,118,0,5,0,0,category
x454,118,-2,2,13778,0,category
x326,116,-2,24,19,0,numeric
x905,115,-2,389,4951,0,numeric
x973,114,-2,22785058,13588,1344,numeric
x1006,114,-2,29,19,0,numeric
x322,113,-2,64,19,0,numeric
x414,113,-2,15,19,0,numeric
x675,112,-2,88,19,0,numeric
x667,112,-2,22,19,0,numeric
x962,111,-2,20,4421,0,numeric
x1028,110,-2,29,19,0,numeric
x910,109,-2,13,4951,0,numeric
x1125,108,0,9,0,0,category
x1101,108,-2,319,4951,0,numeric
x789,108,-2,252,19,0,numeric
x441,108,-2,16,13998,0,numeric
x539,107,-2,9765,19,0,numeric
x597,105,-2,2325,19,0,numeric
x1066,105,-2,309,4951,0,numeric
x1067,105,-2,290,4951,0,numeric
x622,105,-2,146,19,0,numeric
x975,105,-2,50,19,0,numeric
x1046,105,-2,2,24,0,category
x1133,104,0,9,0,0,category
x971,104,-2,70,19,0,numeric
x625,104,-2,67,19,0,numeric
x928,103,-2,25,4951,0,numeric
x1128,102,0,9,0,0,category
x673,102,-2,74,19,0,numeric
x841,102,-2,45,19,0,numeric
x1123,101,0,9,0,0,category
x423,101,-2,7,19,0,numeric
x327,99,-2,3158,92,0,numeric
x635,98,-2,1747,19,0,numeric
x571,98,-2,88,19,0,numeric
x969,98,-2,50,19,0,numeric
x1127,97,0,9,0,0,category
x888,97,-2,16,4951,0,numeric
x669,96,-2,3287,19,0,numeric
x244,96,-2,195,19,0,numeric
x759,96,-2,70,19,0,numeric
x572,95,-2,81,19,0,numeric
x708,95,-2,66,19,0,numeric
x1002,95,-2,13,19,0,numeric
x561,93,-2,97,19,0,numeric
x1000,92,-2,52,19,0,numeric
x1092,90,-2,125,4951,0,numeric
x694,90,-2,55,19,0,numeric
x884,90,-2,2,4951,0,category
x570,89,-2,2600,19,0,numeric
x739,89,-2,1386,19,0,numeric
x887,88,-2,55,4951,0,numeric
x1070,87,-2,197,4951,0,numeric
x1107,86,0,35,0,0,category
x612,86,-2,107,19,0,numeric
x902,86,-2,80,4951,0,numeric
x937,85,-2,68,4951,0,numeric
x425,84,-2,246,19,0,numeric
x714,84,-2,77,19,0,numeric
x452,84,-2,1,13778,0,category
x519,83,-2,151,19,0,numeric
x1063,83,-2,33,4951,0,numeric
x627,82,-2,302,19,0,numeric
x1075,82,-2,197,4951,0,numeric
x1030,82,-2,17,19,0,numeric
x1126,80,0,9,0,0,category
x742,80,-2,2658,19,0,numeric
x1106,80,-2,267,4951,0,numeric
x753,80,-2,69,19,0,numeric
x420,80,-2,25,19,0,numeric
x718,79,-2,75,19,0,numeric
x811,79,-2,5,83,0,numeric
x416,77,0,5,0,0,category
x278,77,-2,3546,19,0,numeric
x908,77,-2,56,4951,0,numeric
x598,76,-2,3028,19,0,numeric
x712,76,-2,107,19,0,numeric
x301,75,-2,2,14517,0,category
x1119,74,0,9,0,0,category
x1121,74,0,9,0,0,category
x639,73,-2,13,19,0,numeric
x1069,72,-2,173,4951,0,numeric
x939,72,-2,7,4951,0,numeric
x701,71,-2,19,19,0,numeric
x419,70,-2,23,19,0,numeric
x457,69,-1,257,0,0,numeric
x671,69,-2,4436,19,0,numeric
x1042,69,-2,2,443,0,category
x537,68,-2,593,19,0,numeric
x816,66,-2,73,19,0,numeric
x302,66,-3,2,25,0,category
x924,65,-2,52,4951,0,numeric
x1056,64,-2,102,4951,0,numeric
x1040,63,-2,2,2850,0,category
x1136,62,0,9,0,0,category
x1073,61,-2,931,4951,0,numeric
x544,61,-2,12,19,0,numeric
x970,60,-2,23,19,0,numeric
x1071,59,-2,839,4951,0,numeric
x618,59,-2,73,19,0,numeric
x328,58,-2,22,92,0,numeric
x1124,57,0,9,0,0,category
x290,57,-2,4356,19,0,numeric
x1094,57,-2,100,4951,0,numeric
x1085,56,-2,263,4951,0,numeric
x691,56,-2,34,19,0,numeric
x249,55,-2,4907,19,0,numeric
x840,55,-2,65,19,0,numeric
x706,54,-2,68,19,0,numeric
x1033,54,-2,1,13355,0,category
x758,53,-2,155,19,0,numeric
x1054,53,-2,101,4951,0,numeric
x1014,53,-2,14,19,0,numeric
x668,53,-2,11,19,0,numeric
x311,53,-2,2,3663,0,category
x925,52,-2,13,4951,0,numeric
x324,52,-2,6,19,0,numeric
x1047,52,-2,2,576,0,category
x754,51,-2,37,19,0,numeric
x871,51,-2,16,19,0,numeric
x1027,51,-2,15,19,0,numeric
x904,51,-2,9,4951,0,numeric
x264,50,-2,262,19,0,numeric
x280,50,-2,156,19,0,numeric
x1065,50,-2,28,4951,0,numeric
x567,50,-2,14,19,0,numeric
x670,49,-2,15,19,0,numeric
x309,49,-2,2,2870,0,category
x1097,48,-2,140,4951,0,numeric
x938,48,-2,7,4951,0,numeric
x810,47,-2,773,19,0,numeric
x1076,47,-2,252,4951,0,numeric
x1091,47,-2,114,4951,0,numeric
x1013,47,-2,16,19,0,numeric
x1034,47,-2,1,13342,0,category
x281,46,-2,168,19,0,numeric
x599,46,-2,26,19,0,numeric
x279,45,-2,3960,19,0,numeric
x1122,44,0,9,0,0,category
x724,44,-2,46,19,0,numeric
x439,44,-2,2,13998,0,category
x1088,43,-2,209,4951,0,numeric
x1089,42,-2,398,4951,0,numeric
x1058,42,-2,99,4951,0,numeric
x719,42,-2,80,19,0,numeric
x600,42,-2,23,19,0,numeric
x331,41,-2,7,19,0,numeric
x1061,40,-2,29,4951,0,numeric
x540,40,-2,4,83,0,numeric
x1082,39,-2,606,4951,0,numeric
x921,39,-2,55,4951,0,numeric
x1032,39,-2,2,34,0,category
x1031,39,-2,1,13298,0,category
x919,38,-2,23,4951,0,numeric
x872,38,-2,21,19,0,numeric
x1037,38,-2,2,24,0,category
x917,37,-2,16,4951,0,numeric
x449,37,-2,2,14051,0,category
x784,36,-2,27,19,0,numeric
x930,36,-2,21,4951,0,numeric
x1099,35,-2,264,4951,0,numeric
x300,35,-2,2,8534,0,category
x755,34,-2,65,19,0,numeric
x896,34,-2,5,4951,0,numeric
x501,33,-2,2149,83,0,numeric
x926,33,-2,24,4951,0,numeric
x1081,31,-2,90,4951,0,numeric
x261,31,-2,40,19,0,numeric
x1038,31,-2,2,4171,0,category
x882,30,-2,26,4951,0,numeric
x442,30,-2,1,13651,0,numeric
x308,29,-2,2,4191,0,category
x314,28,-2,2,63,0,category
x291,27,-2,29,19,0,numeric
x1036,27,-2,2,585,0,category
x313,27,-2,2,95,0,category
x319,27,-2,2,53,0,category
x881,26,-2,21,4951,0,numeric
x310,26,-2,2,3657,0,category
x250,25,-2,3037,19,0,numeric
x498,25,-2,2149,83,0,numeric
x317,25,-2,2,85,0,category
x453,25,-2,1,13778,0,category
x1086,24,-2,87,4951,0,numeric
x799,24,-2,12,19,0,numeric
x1039,23,-2,1,13297,0,category
x1096,22,-2,262,4951,0,numeric
x1045,22,-2,2,34,0,category
x437,22,-2,1,13998,0,numeric
x934,21,-2,7,4951,0,numeric
x315,21,-2,2,94,0,category
x702,20,-2,18,19,0,numeric
x443,20,-2,2,13651,0,numeric
x508,19,-2,257,19,0,numeric
x445,19,-2,2,13651,0,numeric
x492,18,-2,299,19,0,numeric
x834,18,-2,16,19,0,numeric
x927,18,-2,4,4951,0,numeric
x740,16,-2,62,19,0,numeric
x907,16,-2,53,4951,0,numeric
x275,16,-2,51,19,0,numeric
x808,16,-2,7,19,0,numeric
x885,16,-2,2,4951,0,category
x1100,15,-2,207,4951,0,numeric
x1098,15,-2,69,4951,0,numeric
x451,15,-2,16,14051,0,numeric
x931,15,-2,3,4951,0,numeric
x1043,15,-2,2,453,0,category
x316,15,-2,2,53,0,category
x891,14,-2,9,4951,0,numeric
x320,14,-2,2,84,0,category
x276,13,-2,5476,19,0,numeric
x664,13,-2,3152,19,0,numeric
x1095,13,-2,47,4951,0,numeric
x1093,13,-2,23,4951,0,numeric
x723,13,-2,9,19,0,numeric
x536,13,-2,7,19,0,numeric
x901,13,-2,5,4951,0,numeric
x1079,12,-2,54,4951,0,numeric
x965,12,-2,24,19,0,numeric
x916,12,-2,13,4951,0,numeric
x893,12,-2,7,4951,0,numeric
x312,12,-2,2,63,0,category
x247,11,-2,43,19,0,numeric
x426,11,-2,2,19,0,category
x438,11,-2,1,13998,0,category
x455,11,-2,1,13778,0,category
x903,10,-2,12,4951,0,numeric
x1044,10,-2,2,13298,0,category
x447,10,-2,1,14051,0,category
x688,8,-2,257,19,0,numeric
x854,8,-2,231,19,0,numeric
x262,8,-2,33,19,0,numeric
x662,8,-2,32,19,0,numeric
x936,8,-2,6,4951,0,numeric
x898,8,-2,6,4951,0,numeric
x833,7,-2,1247,19,0,numeric
x644,7,-2,396,19,0,numeric
x1050,7,-2,2,13298,0,category
x906,6,-2,11,4951,0,numeric
x923,6,-2,5,4951,0,numeric
x620,5,-2,396,19,0,numeric
x912,5,-2,11,4951,0,numeric
x728,5,-2,9,19,0,numeric
x619,5,-2,9,19,0,numeric
x895,5,-2,4,4951,0,numeric
x321,5,-2,2,19,0,category
x448,5,-2,1,14051,0,category
x440,5,-2,1,13998,0,category
x507,4,-2,305,83,0,numeric
x711,4,-2,19,19,0,numeric
x922,4,-2,9,4951,0,numeric
x1051,4,-2,1,13297,0,category
x817,3,-2,682,19,0,numeric
x495,3,-2,455,83,0,numeric
x883,3,-2,2,4951,0,category
x318,3,-2,2,19,0,category
x450,3,-2,1,14051,0,category
x1052,3,-2,1,13298,0,category
x500,2,-2,455,83,0,numeric
x248,2,-2,67,19,0,numeric
x744,2,-2,11,19,0,numeric
x1132,1,0,8,0,0,category
x776,1,-2,2224,19,0,numeric
x518,1,-2,682,19,0,numeric
x505,1,-2,305,83,0,numeric
x658,1,-2,272,19,0,numeric
x543,1,-2,19,19,0,numeric
x603,1,-2,9,19,0,numeric
x900,1,-2,6,4951,0,numeric
x727,1,-2,4,83,0,numeric
x812,1,-2,4,19,0,numeric
x929,1,-2,3,4951,0,numeric
