"uid","score"
1,0.85562277
2,0.62635267
9,0.5003364
12,0.91968244
14,0.46283108
20,0.7452315
25,0.8483659
28,0.7907209
30,0.765807
33,0.8909289
35,0.73041016
37,0.8610107
43,0.75716054
44,0.8660567
45,0.93790615
46,0.78468907
52,0.42519748
53,0.799412
55,0.40536845
56,0.8728386
57,0.83487314
59,0.79542005
60,0.715767
66,0.75422686
74,0.5639914
75,0.6606231
83,0.779197
84,0.706684
87,0.80329216
88,0.87234014
95,0.44482422
100,0.8352389
101,0.5956255
105,0.2531764
111,0.7863765
114,0.81322813
116,0.8196201
118,0.7183441
119,0.8628888
123,0.65200585
129,0.8352918
131,0.41551942
132,0.5471638
137,0.79643065
143,0.5873634
147,0.9129342
148,0.5700803
149,0.61910474
156,0.6965719
161,0.55476534
162,0.43853545
170,0.58556134
179,0.8782554
184,0.7511327
187,0.648238
191,0.41369724
198,0.71393305
206,0.6768616
212,0.29188156
221,0.6092508
222,0.9409831
225,0.6986898
226,0.7411686
228,0.66339505
232,0.8216224
236,0.7973322
237,0.92175764
242,0.37276638
247,0.90194154
252,0.62535566
253,0.847332
255,0.7954372
258,0.54209834
261,0.61904323
264,0.8940714
268,0.34252125
275,0.8938807
292,0.57749665
293,0.885882
295,0.8065047
305,0.76139057
325,0.7537121
328,0.93465436
330,0.73761046
334,0.8036611
335,0.74119055
350,0.8412539
351,0.33533353
354,0.80593693
357,0.7310376
360,0.8489089
361,0.83725923
365,0.3853385
368,0.6165255
369,0.76236075
370,0.82802236
374,0.6922733
375,0.6297765
377,0.8195839
389,0.70656264
390,0.6946704
399,0.6952058
401,0.8669113
402,0.6248051
403,0.90153414
404,0.45067817
405,0.71326256
415,0.7830014
416,0.44991696
417,0.5103271
425,0.85021186
430,0.95710546
436,0.721081
442,0.8582332
445,0.9187891
446,0.56978965
447,0.88577545
451,0.57032263
459,0.75251055
461,0.9155704
462,0.913178
464,0.47582525
465,0.5698058
470,0.68599904
471,0.30072743
473,0.77315295
481,0.6291287
482,0.8904897
487,0.95078623
489,0.80700946
524,0.74505126
528,0.4227478
535,0.46150362
536,0.67336655
545,0.815712
551,0.71507835
552,0.42748606
563,0.7701656
566,0.65428674
573,0.6798459
576,0.6062624
577,0.51767665
579,0.9093254
583,0.8326621
595,0.56604505
596,0.82400054
598,0.57411075
600,0.75973153
603,0.6845794
607,0.7743378
608,0.66982925
613,0.6558337
614,0.8241181
616,0.7281646
618,0.76698434
620,0.60715747
623,0.65692437
624,0.6765628
628,0.8404227
630,0.6626322
637,0.8179073
645,0.75391394
652,0.6065349
653,0.65786445
665,0.72929484
667,0.5929254
668,0.73044133
669,0.63856566
678,0.7392776
680,0.8018201
684,0.85857475
687,0.767937
695,0.7563761
699,0.8819804
702,0.74007213
704,0.88216764
705,0.4327439
707,0.7845212
711,0.84257495
716,0.41089994
722,0.61910546
732,0.86274064
741,0.7478522
745,0.74622846
747,0.6834645
748,0.7607361
750,0.82486886
753,0.62140524
756,0.72928196
765,0.83259296
769,0.9327848
775,0.46980458
777,0.62776184
781,0.8962064
791,0.7946847
792,0.71563375
794,0.7024617
800,0.68175125
802,0.5679698
811,0.8767693
812,0.8186656
813,0.8558583
816,0.6800895
818,0.22312438
822,0.6125381
829,0.68249786
830,0.8772694
833,0.7095549
838,0.56724906
839,0.48030776
841,0.8622762
842,0.8722972
843,0.6984811
849,0.62734103
855,0.8675389
856,0.71857584
860,0.8100207
871,0.8848773
874,0.5318994
876,0.8273725
879,0.7999995
881,0.2985593
890,0.75967324
898,0.71563685
901,0.83369255
904,0.6295259
913,0.7684125
914,0.8061826
915,0.509044
924,0.8706522
925,0.8781066
927,0.27565873
928,0.36107373
929,0.727826
934,0.8916939
935,0.815077
937,0.7829309
938,0.5946666
939,0.61941564
940,0.6945244
943,0.87720066
944,0.63479984
951,0.5732905
954,0.82430243
957,0.7171044
959,0.64846796
963,0.81339145
967,0.35208464
970,0.6755195
973,0.83509684
974,0.7584002
979,0.4204086
985,0.8150157
990,0.53359866
991,0.8293785
993,0.63536704
994,0.4772458
999,0.8792534
1002,0.82845867
1009,0.58202165
1014,0.74001324
1017,0.8244399
1019,0.734123
1026,0.6554083
1031,0.67675024
1032,0.76446706
1033,0.81633765
1036,0.725713
1037,0.7209347
1042,0.70420134
1043,0.88609755
1044,0.47318393
1048,0.7422004
1052,0.88290447
1053,0.74035585
1061,0.9118581
1072,0.8652301
1077,0.33234584
1081,0.714219
1082,0.6492628
1085,0.6493635
1087,0.92392063
1095,0.8758712
1096,0.6132667
1097,0.731861
1098,0.9387919
1099,0.8103607
1115,0.5097114
1117,0.4269778
1120,0.8363833
1122,0.8137954
1132,0.7157949
1139,0.8593892
1142,0.71786696
1149,0.82807636
1151,0.81239235
1157,0.74193394
1160,0.6012033
1162,0.8942818
1166,0.79331446
1169,0.72769
1174,0.862514
1178,0.87742937
1180,0.8811514
1182,0.5430463
1189,0.7632748
1190,0.77379346
1196,0.2963714
1198,0.30595493
1199,0.76024723
1204,0.8880544
1205,0.36165267
1208,0.7326517
1209,0.4922546
1210,0.79480237
1212,0.8418117
1214,0.5856446
1215,0.7703419
1222,0.693914
1227,0.7121432
1228,0.64530075
1236,0.8602119
1237,0.8066812
1238,0.82666653
1243,0.7921978
1244,0.816933
1245,0.70303446
1251,0.70387936
1253,0.6857121
1259,0.8942203
1260,0.6596949
1264,0.73967725
1266,0.632378
1276,0.7382381
1285,0.5869222
1287,0.91243345
1292,0.7811161
1299,0.91419744
1306,0.6676893
1312,0.9365086
1314,0.9131374
1315,0.74649835
1316,0.53278196
1318,0.5779034
1326,0.73638
1330,0.66386193
1343,0.8092299
1344,0.68190676
1346,0.59322035
1347,0.7716588
1350,0.5711907
1354,0.558207
1357,0.50645214
1360,0.70045364
1362,0.6356488
1365,0.63496596
1366,0.3834949
1367,0.821539
1372,0.8139072
1374,0.6869103
1375,0.5109575
1377,0.9065337
1378,0.7904771
1381,0.8970354
1382,0.40934163
1394,0.8192324
1395,0.876337
1402,0.7750737
1408,0.7358602
1409,0.7543696
1414,0.74651897
1420,0.9544513
1425,0.8890604
1426,0.56702524
1433,0.80506396
1435,0.9456853
1437,0.6662805
1450,0.52242786
1457,0.7774235
1458,0.6966427
1462,0.7174591
1463,0.51491594
1465,0.85258615
1468,0.8348403
1473,0.6260278
1482,0.8121862
1486,0.8785262
1488,0.2093758
1489,0.61226
1496,0.7631243
1497,0.870551
1501,0.9149371
1507,0.89086246
1516,0.87240267
1519,0.881926
1528,0.87678045
1534,0.7921951
1536,0.39270377
1540,0.7371688
1541,0.55102825
1547,0.54387534
1550,0.6491432
1561,0.7226139
1562,0.6415254
1568,0.8543986
1573,0.67861366
1574,0.5155283
1577,0.7012713
1583,0.7794129
1584,0.72365785
1589,0.79082525
1591,0.89745194
1598,0.56109
1604,0.5921983
1608,0.7124095
1611,0.34133208
1612,0.8027726
1623,0.67542565
1624,0.85488915
1631,0.85944784
1658,0.7155967
1659,0.36624813
1668,0.85700315
1669,0.7423275
1671,0.75911576
1674,0.6218403
1680,0.2646839
1681,0.6453316
1682,0.7473659
1688,0.8169745
1690,0.7675125
1698,0.8093504
1699,0.7912376
1707,0.6455993
1710,0.4845212
1711,0.41171074
1721,0.8648429
1725,0.60018027
1731,0.84022695
1737,0.8544356
1742,0.74017096
1749,0.6128402
1750,0.60659987
1752,0.9357776
1760,0.8382534
1764,0.855922
1770,0.9803566
1773,0.85424304
1776,0.8203249
1781,0.71896976
1785,0.7916959
1786,0.9086352
1788,0.70946467
1794,0.6975064
1795,0.85502297
1797,0.5613454
1798,0.71602947
1803,0.5667283
1804,0.6570076
1809,0.8966168
1824,0.80321294
1831,0.53828216
1833,0.7714741
1834,0.6069424
1835,0.8208263
1836,0.822338
1838,0.37271506
1840,0.7169961
1841,0.8250837
1842,0.7154808
1845,0.7883979
1853,0.5724579
1854,0.8092486
1855,0.60495204
1858,0.88924384
1859,0.74571997
1862,0.7355089
1863,0.6413754
1866,0.7193099
1872,0.74877876
1876,0.6640942
1882,0.5473622
1885,0.7853628
1889,0.6954683
1910,0.8615961
1914,0.92510074
1923,0.8215828
1926,0.52202165
1929,0.9535545
1933,0.52200353
1938,0.9101125
1944,0.8513645
1946,0.73096997
1958,0.88326705
1961,0.94306767
1963,0.7780262
1966,0.43163532
1970,0.811694
1971,0.32024765
1972,0.7049774
1975,0.83180404
1976,0.910268
1978,0.5769382
1980,0.712288
1982,0.7329888
1985,0.92355835
1989,0.88444114
1993,0.9024629
1994,0.71685874
1995,0.3836602
1996,0.7555954
1997,0.65931547
1998,0.53656435
2002,0.71241266
2003,0.86415994
2011,0.72032285
2020,0.7074284
2022,0.62657255
2031,0.7936346
2032,0.87891734
2033,0.8614539
2045,0.7452605
2048,0.62504953
2052,0.7115113
2053,0.6836132
2057,0.5636653
2058,0.52996695
2063,0.6793427
2095,0.7753324
2096,0.5297717
2112,0.6002509
2119,0.8139708
2120,0.9073366
2122,0.68929434
2130,0.90711206
2134,0.6258404
2139,0.79268986
2142,0.7910471
2144,0.73283374
2147,0.4267881
2148,0.93340164
2152,0.45366454
2158,0.79655254
2159,0.44019538
2162,0.69158286
2163,0.74631
2166,0.8728831
2170,0.80828375
2171,0.75078887
2172,0.4242733
2174,0.60609895
2177,0.7747023
2201,0.71923864
2203,0.39047998
2206,0.61992234
2208,0.7492842
2209,0.46310169
2218,0.7893005
2224,0.925961
2229,0.85926926
2231,0.79979616
2232,0.9153862
2236,0.83544004
2242,0.8851752
2245,0.89499444
2252,0.72934604
2254,0.70718026
2256,0.53836846
2260,0.7159776
2262,0.8252646
2263,0.71175665
2264,0.6607406
2267,0.9319128
2268,0.7788294
2270,0.67362976
2272,0.9625902
2273,0.7829097
2274,0.48566562
2278,0.8318911
2279,0.651384
2282,0.70591104
2285,0.81674784
2288,0.7202103
2289,0.6966691
2294,0.7546441
2301,0.61484396
2303,0.7467768
2305,0.85132575
2306,0.8279614
2327,0.88150764
2333,0.69652206
2336,0.6621446
2338,0.77505016
2339,0.8390072
2340,0.77601933
2346,0.80255103
2348,0.71896684
2349,0.9114865
2352,0.86326903
2357,0.8892248
2371,0.83061695
2374,0.71653616
2376,0.744509
2379,0.31761068
2388,0.7057054
2390,0.78877205
2396,0.846508
2402,0.6414424
2403,0.53246045
2405,0.6152008
2412,0.6573237
2413,0.67306685
2415,0.56047976
2428,0.72592485
2431,0.63967746
2451,0.65888834
2455,0.5487468
2456,0.89767927
2470,0.707523
2471,0.40015167
2473,0.83698416
2481,0.5392195
2485,0.77886
2487,0.79674405
2488,0.908961
2492,0.6977108
2505,0.7552066
2514,0.81976736
2517,0.8349423
2521,0.47877532
2523,0.80446637
2525,0.7173393
2527,0.5151342
2528,0.903048
2532,0.5216435
2533,0.7416155
2535,0.70898867
2542,0.6955479
2547,0.8157227
2549,0.6839068
2555,0.7096127
2560,0.9141228
2584,0.8123371
2586,0.6303639
2594,0.70233595
2595,0.6607038
2605,0.7965453
2606,0.7574598
2607,0.64644766
2609,0.5623122
2610,0.57478195
2611,0.7340307
2614,0.90716124
2622,0.9055598
2628,0.76476836
2629,0.7107047
2636,0.89820313
2637,0.7892549
2640,0.76024246
2645,0.80883384
2647,0.7378002
2649,0.7435744
2652,0.78196746
2655,0.58894694
2656,0.69089854
2662,0.41731614
2666,0.7484798
2667,0.8585012
2680,0.6025548
2684,0.93563485
2696,0.660766
2700,0.84495187
2701,0.8967178
2706,0.62339973
2710,0.6936765
2713,0.4197768
2717,0.8182415
2720,0.82614183
2722,0.9090773
2723,0.5814179
2726,0.800287
2732,0.8857937
2746,0.66699946
2757,0.9239385
2758,0.8792014
2762,0.5434651
2765,0.79170203
2770,0.5992342
2771,0.8532648
2784,0.9072835
2785,0.6786251
2789,0.28213674
2799,0.8384467
2800,0.80998796
2810,0.80090296
2814,0.82146305
2816,0.6510205
2820,0.62166715
2824,0.8524979
2830,0.66943425
2832,0.24909294
2833,0.88278794
2834,0.55922043
2839,0.92540956
2840,0.5967569
2842,0.8617041
2846,0.8457009
2865,0.45775402
2868,0.8862826
2876,0.82346237
2880,0.71825624
2885,0.5822825
2886,0.8750886
2893,0.7837616
2895,0.6730193
2898,0.79785746
2903,0.7509827
2904,0.60517776
2917,0.8417088
2919,0.8344704
2921,0.9121584
2922,0.77167684
2931,0.5108381
2932,0.7287326
2934,0.5347387
2937,0.9231587
2940,0.8750408
2941,0.9030062
2944,0.7989336
2946,0.56611353
2949,0.91454965
2951,0.86389047
2958,0.80435944
2959,0.32641196
2961,0.7713482
2964,0.32801378
2966,0.6902323
2968,0.85931635
2975,0.8724356
2978,0.7615442
2986,0.91680646
2987,0.6167221
2989,0.7931377
2993,0.47089118
2997,0.6520444
2999,0.36411577
3016,0.66655546
3017,0.5367876
3019,0.90160525
3024,0.86690784
3026,0.78745055
3042,0.91110855
3043,0.8215144
3052,0.6709038
3055,0.84898156
3058,0.701306
3060,0.9381865
3070,0.60880125
3073,0.34573668
3079,0.88669443
3080,0.85154814
3081,0.46950698
3083,0.7724314
3087,0.8452046
3089,0.80964774
3090,0.61833334
3093,0.6768904
3095,0.6406753
3097,0.8158496
3101,0.8362734
3104,0.6126892
3105,0.844148
3106,0.76592565
3115,0.8546373
3124,0.902574
3125,0.8922992
3127,0.35557032
3140,0.72920364
3145,0.7403801
3146,0.7620582
3149,0.47028428
3150,0.87492806
3152,0.37433803
3165,0.7965703
3173,0.43935055
3180,0.78107417
3183,0.65249586
3188,0.73780394
3189,0.7922592
3194,0.73755294
3209,0.5159912
3210,0.77157027
3214,0.55347455
3217,0.6445308
3219,0.7702948
3226,0.7313112
3228,0.6481569
3229,0.5865947
3238,0.71772754
3243,0.93327606
3245,0.81579626
3249,0.8589464
3250,0.36398178
3256,0.8764379
3260,0.6794977
3261,0.7347512
3267,0.6920241
3273,0.81341785
3274,0.37888986
3275,0.89639986
3285,0.75033814
3291,0.6121645
3295,0.9142757
3299,0.42932743
3300,0.63920134
3305,0.718679
3306,0.5858849
3313,0.6298231
3314,0.74235964
3315,0.90183496
3319,0.775016
3321,0.69148767
3324,0.61222935
3327,0.8806147
3328,0.74699587
3332,0.4631304
3335,0.59906805
3336,0.671013
3338,0.7927106
3339,0.78288543
3343,0.88413274
3345,0.72454774
3347,0.7641061
3351,0.8429527
3353,0.79447055
3358,0.8689395
3362,0.5673275
3365,0.76901317
3367,0.47403067
3371,0.7639367
3372,0.7461176
3377,0.7275909
3379,0.87173253
3380,0.64476264
3382,0.8852923
3387,0.9290644
3388,0.64217806
3389,0.83054346
3394,0.8049053
3397,0.8966501
3399,0.36416364
3400,0.8052291
3406,0.5917346
3411,0.76549524
3412,0.75525904
3413,0.70351315
3416,0.84615576
3417,0.82867897
3418,0.8727977
3419,0.26697022
3423,0.86160016
3424,0.67935795
3428,0.5886749
3429,0.65955186
3430,0.51573217
3433,0.7087889
3437,0.93346655
3439,0.83247435
3441,0.7920908
3447,0.75592226
3448,0.52455205
3451,0.4468482
3458,0.88956815
3459,0.7525043
3462,0.61917734
3466,0.89873314
3470,0.69932914
3477,0.86761826
3479,0.82200533
3481,0.7442645
3490,0.816357
3491,0.39632577
3495,0.6702124
3504,0.2900384
3512,0.41916066
3513,0.75686646
3523,0.5115559
3526,0.8045156
3530,0.79010457
3535,0.63977695
3536,0.3515677
3543,0.56061375
3547,0.7812442
3549,0.7795205
3560,0.6040853
3564,0.79260516
3567,0.80281365
3574,0.96937263
3585,0.8771193
3589,0.710027
3597,0.86322033
3600,0.63453853
3605,0.9627605
3607,0.92368555
3611,0.8668547
3612,0.75023496
3613,0.63369983
3622,0.6353294
3623,0.6220243
3639,0.8653069
3642,0.6534819
3644,0.4748881
3646,0.85356915
3648,0.85385114
3651,0.7425088
3655,0.7237756
3661,0.81261474
3662,0.700701
3663,0.78598195
3666,0.46115744
3667,0.55710113
3669,0.68327385
3677,0.7499902
3685,0.8760405
3689,0.9361428
3690,0.58413804
3697,0.78479195
3700,0.780927
3704,0.24953735
3711,0.7143174
3715,0.897142
3716,0.6650028
3723,0.7701742
3727,0.9149843
3728,0.8440762
3730,0.85262054
3734,0.85903454
3738,0.7968252
3741,0.8190163
3742,0.800905
3744,0.5780604
3749,0.86471736
3750,0.58603173
3751,0.6004745
3752,0.6769892
3753,0.9022252
3754,0.8469134
3755,0.9127291
3757,0.6649443
3769,0.8952976
3772,0.5774887
3777,0.7980533
3780,0.5878355
3785,0.87719095
3787,0.6643907
3789,0.6633804
3791,0.664361
3793,0.675246
3795,0.87453055
3803,0.95029795
3804,0.7019452
3806,0.89223254
3807,0.8250381
3826,0.57431215
3829,0.6688549
3832,0.64949787
3837,0.9012404
3850,0.92901486
3852,0.39196247
3857,0.84161156
3858,0.5644587
3876,0.6368911
3882,0.8407051
3886,0.7397839
3888,0.86745787
3891,0.81310904
3893,0.6512524
3906,0.87258947
3910,0.5107764
3913,0.7005303
3919,0.7345767
3922,0.8260387
3938,0.87751395
3939,0.9276993
3943,0.7936815
3944,0.7827678
3945,0.751244
3952,0.79491395
3956,0.17792928
3961,0.8799095
3965,0.8637857
3983,0.73474455
3988,0.7820822
3990,0.5869728
3998,0.72989273
4003,0.824896
4004,0.7303685
4012,0.84446764
4024,0.908317
4025,0.82072717
4026,0.69096446
4032,0.89917547
4034,0.5405203
4040,0.7948881
4042,0.667594
4044,0.79651326
4048,0.77438927
4053,0.39771974
4055,0.7060083
4059,0.6952725
4063,0.6228423
4066,0.84910995
4067,0.88067555
4068,0.23284876
4071,0.80456954
4074,0.3808174
4075,0.8382685
4081,0.61169827
4083,0.74695635
4086,0.74743044
4089,0.7815981
4095,0.7642108
4100,0.75733334
4105,0.8646183
4108,0.8804365
4110,0.54508126
4112,0.7128513
4113,0.8351775
4118,0.7471687
4119,0.88124263
4120,0.9175413
4123,0.8473958
4126,0.8890562
4132,0.6376848
4134,0.87219524
4136,0.6604053
4137,0.6091144
4141,0.44721812
4144,0.88980645
4145,0.83088136
4147,0.7257006
4154,0.8410053
4160,0.7589966
4166,0.5866186
4169,0.6428226
4171,0.37588865
4172,0.7853525
4174,0.884174
4175,0.47800046
4178,0.78013504
4179,0.6957222
4182,0.88303834
4183,0.2625916
4187,0.8677512
4188,0.7840319
4189,0.42641413
4192,0.59715796
4195,0.88909703
4197,0.85430676
4198,0.61469555
4201,0.73441565
4206,0.6806025
4208,0.9047096
4212,0.8233731
4219,0.82780135
4228,0.60700595
4232,0.5165548
4236,0.74091595
4238,0.8360605
4244,0.8440617
4248,0.53394014
4251,0.71760976
4252,0.8545628
4254,0.42465132
4263,0.7494981
4266,0.65760463
4267,0.86594564
4270,0.57285035
4275,0.7315758
4278,0.2797225
4281,0.5112014
4284,0.8830117
4285,0.80794144
4288,0.8106296
4289,0.6482119
4298,0.7866969
4310,0.76701593
4313,0.54417765
4314,0.33307296
4315,0.5136564
4325,0.76184815
4327,0.84989095
4331,0.69049263
4338,0.7896484
4342,0.8260604
4348,0.79562926
4350,0.9214223
4351,0.7772803
4352,0.89284164
4354,0.74821466
4360,0.5393201
4363,0.74789774
4366,0.76059216
4368,0.7009932
4375,0.77930987
4377,0.92892826
4380,0.83321565
4389,0.5753423
4393,0.57647455
4398,0.35786462
4399,0.82634544
4406,0.6278058
4410,0.82533485
4413,0.82085526
4420,0.77228934
4432,0.6316781
4439,0.85887784
4441,0.5686861
4445,0.86638725
4446,0.7765774
4448,0.56637275
4449,0.60127574
4457,0.8022837
4459,0.8272582
4462,0.82968485
4466,0.8705973
4470,0.74573684
4471,0.6595779
4472,0.86305755
4474,0.6030042
4479,0.70803756
4486,0.58779156
4487,0.8883238
4491,0.5661981
4494,0.7437062
4497,0.80283904
4502,0.80716306
4506,0.27996612
4507,0.7247507
4512,0.84668183
4514,0.93618155
4515,0.7069303
4516,0.6185278
4519,0.6152745
4525,0.6533921
4526,0.6309955
4527,0.6414403
4529,0.39970845
4531,0.92101717
4532,0.72727454
4538,0.6656614
4544,0.7790518
4551,0.6057025
4556,0.7871965
4558,0.5569161
4559,0.7005898
4561,0.75145245
4563,0.6742208
4569,0.83961946
4571,0.8097479
4572,0.6986784
4584,0.58996457
4585,0.8778913
4591,0.7832299
4592,0.65663874
4595,0.94714427
4603,0.8774817
4608,0.5977849
4609,0.7069956
4610,0.28212047
4614,0.8705126
4621,0.6347277
4623,0.89562964
4625,0.71313506
4630,0.8148331
4631,0.47278363
4632,0.7588156
4634,0.9068269
4638,0.5586219
4642,0.66236866
4643,0.62196577
4645,0.9297884
4650,0.5682165
4655,0.718759
4658,0.65108585
4663,0.40144885
4665,0.6441572
4669,0.54444623
4670,0.43271255
4674,0.7509882
4689,0.7649319
4690,0.8314198
4693,0.8612643
4696,0.80417097
4706,0.78699017
4722,0.5697521
4724,0.8187952
4725,0.875252
4727,0.93202794
4730,0.8263801
4736,0.7531396
4744,0.90191215
4747,0.41806525
4756,0.9066236
4758,0.45183617
4764,0.9253044
4766,0.8973279
4771,0.7617315
4783,0.49731368
4784,0.90285504
4786,0.83182687
4788,0.61482465
4814,0.5789747
4815,0.720564
4819,0.659055
4820,0.5501956
4821,0.8599332
4822,0.43387485
4823,0.4729662
4824,0.6389015
4828,0.92976034
4840,0.75955564
4842,0.52934194
4854,0.70751536
4860,0.85074437
4861,0.77034634
4872,0.814638
4874,0.4288779
4884,0.70850885
4885,0.7643358
4888,0.61415887
4893,0.741397
4896,0.76988137
4900,0.74675447
4914,0.7281342
4919,0.8765697
4921,0.6251357
4925,0.8458234
4926,0.8474346
4927,0.54379916
4928,0.53101814
4930,0.9186245
4933,0.95807725
4937,0.67809933
4941,0.7217025
4944,0.80012476
4946,0.9469288
4948,0.7019079
4961,0.7078178
4962,0.83853465
4965,0.88972473
4971,0.70086896
4975,0.519963
4976,0.6608606
4980,0.83797836
4981,0.44514912
4983,0.4937955
4990,0.38188785
4993,0.72002554
5006,0.8508703
5012,0.8793637
5019,0.8534564
5023,0.86011744
5027,0.72755706
5042,0.7587395
5043,0.68246156
5049,0.87901074
5051,0.7916184
5055,0.8257003
5060,0.82636595
5065,0.8894791
5066,0.8705338
5072,0.63896495
5079,0.8035809
5084,0.7246934
5086,0.69703877
5089,0.82645535
5092,0.5432372
5102,0.6372527
5107,0.7735528
5109,0.485183
5115,0.91144323
5120,0.87588197
5128,0.6320312
5135,0.6415411
5137,0.35027415
5138,0.8842211
5140,0.61465013
5147,0.86439824
5154,0.45354378
5159,0.68616736
5160,0.6724895
5161,0.8506472
5168,0.8093382
5170,0.3985387
5175,0.8097945
5177,0.879705
5179,0.8051693
5180,0.63938034
5194,0.84880173
5209,0.8557155
5211,0.9049637
5217,0.8080021
5223,0.84272814
5226,0.8177892
5232,0.9100394
5234,0.6655512
5237,0.62329596
5238,0.45296568
5239,0.68467087
5240,0.86012304
5243,0.71141684
5250,0.80115736
5255,0.7523225
5256,0.8622355
5260,0.6660137
5261,0.6887072
5267,0.6803854
5268,0.6504718
5272,0.539913
5276,0.800884
5282,0.6426626
5285,0.37572622
5290,0.8346926
5300,0.6956344
5302,0.7509843
5308,0.77859634
5309,0.8277836
5311,0.79018533
5312,0.6267812
5319,0.76857376
5322,0.7072394
5324,0.376378
5327,0.7199574
5329,0.90921384
5331,0.67733157
5334,0.8476511
5336,0.6868707
5337,0.86698425
5338,0.60642624
5346,0.5225711
5350,0.5932232
5365,0.9149008
5368,0.7480488
5373,0.6703596
5375,0.76470333
5379,0.51141214
5383,0.73432297
5389,0.7055187
5390,0.79340523
5392,0.8408282
5393,0.6925204
5394,0.78133935
5395,0.6835809
5396,0.89726555
5397,0.8456541
5401,0.7432573
5403,0.34871638
5408,0.65751684
5410,0.42918408
5421,0.5921942
5422,0.5002005
5423,0.78586274
5429,0.6693783
5430,0.8080513
5441,0.8780405
5445,0.68243474
5449,0.4258033
5453,0.7069056
5456,0.62304807
5458,0.7619806
5460,0.7931979
5462,0.7199483
5468,0.8212871
5477,0.8670777
5481,0.93457043
5489,0.68505
5490,0.5439383
5493,0.6276135
5494,0.7412141
5496,0.9093282
5499,0.29786968
5504,0.6210644
5512,0.8101558
5517,0.8241618
5521,0.82917994
5524,0.8581053
5525,0.8065995
5528,0.82115334
5530,0.77003944
5542,0.72296596
5543,0.4914158
5547,0.65660405
5549,0.8296697
5556,0.4656915
5557,0.8245323
5558,0.6195594
5559,0.8857634
5560,0.65167165
5562,0.71818674
5564,0.80939066
5569,0.6172755
5571,0.73233104
5575,0.6853009
5581,0.4916613
5599,0.6435714
5604,0.38705975
5615,0.9690867
5620,0.9190797
5625,0.93653667
5626,0.8401282
5635,0.61623096
5644,0.4778599
5646,0.8095501
5649,0.6030702
5656,0.5380815
5661,0.80585194
5662,0.82443726
5664,0.90318173
5681,0.73148113
5686,0.7555897
5688,0.8490659
5691,0.71442425
5695,0.370937
5698,0.6684582
5705,0.7972585
5710,0.8328419
5718,0.84587616
5722,0.8278824
5725,0.6696834
5726,0.8764112
5733,0.2735548
5735,0.7924669
5736,0.8871674
5737,0.71510494
5741,0.7402459
5747,0.7874633
5750,0.90917665
5751,0.4506718
5754,0.81926644
5762,0.5240723
5764,0.46116328
5772,0.61424625
5783,0.6904738
5785,0.74000335
5788,0.8152548
5792,0.8549403
5794,0.62530077
5796,0.8914466
5797,0.8097302
5798,0.7964142
5805,0.9378864
5806,0.6553831
5807,0.8431826
5809,0.6700568
5810,0.89664894
5811,0.43361342
5818,0.7392242
5822,0.74558675
5827,0.7880589
5828,0.74751407
5833,0.87126464
5834,0.69679534
5835,0.69951135
5837,0.5702466
5840,0.40629196
5842,0.82599854
5845,0.8660871
5847,0.86622447
5848,0.8806531
5853,0.8601519
5854,0.83714885
5859,0.7273897
5863,0.90452975
5867,0.71616507
5868,0.7179997
5869,0.8151537
5881,0.60092354
5882,0.70953953
5884,0.84111464
5885,0.6314873
5887,0.9294067
5890,0.9340597
5893,0.79320824
5894,0.7081255
5896,0.7302333
5900,0.7501465
5903,0.6881685
5905,0.7306682
5908,0.8621967
5912,0.88595575
5917,0.8680029
5922,0.33385974
5927,0.7466841
5931,0.57457685
5943,0.85195076
5945,0.6460155
5949,0.86735815
5953,0.72165287
5954,0.76178545
5959,0.35059798
5983,0.5949557
5984,0.6726203
5987,0.7830614
5988,0.5070976
5989,0.7011074
5992,0.76219606
5994,0.4322691
5997,0.7232425
5999,0.8113122
6000,0.76961315
6002,0.9295187
6003,0.7286221
6021,0.8539337
6022,0.5374932
6033,0.7958759
6039,0.76496255
6046,0.80160385
6048,0.6829394
6054,0.8082839
6058,0.6204766
6062,0.7892473
6069,0.33290303
6070,0.75338364
6076,0.8265046
6081,0.86014366
6082,0.91560984
6086,0.8759328
6091,0.7947827
6092,0.8654631
6093,0.6554853
6095,0.794321
6096,0.54802686
6104,0.79416907
6114,0.5036203
6117,0.6013694
6119,0.78275025
6121,0.45181906
6126,0.6086829
6132,0.5198482
6133,0.5656804
6140,0.4371745
6143,0.65962744
6144,0.8676763
6145,0.8352368
6146,0.6022037
6149,0.73107374
6152,0.81417716
6158,0.8482088
6162,0.8855872
6171,0.83761895
6176,0.9133429
6178,0.7490773
6182,0.8248528
6190,0.5657202
6191,0.89974797
6195,0.8349695
6196,0.4128114
6207,0.87886316
6211,0.73051065
6212,0.5818876
6216,0.84820724
6218,0.6858298
6219,0.8703759
6221,0.8765438
6224,0.8990015
6226,0.8368217
6227,0.70381767
6232,0.72323096
6237,0.9254871
6240,0.84118116
6241,0.6630275
6245,0.5908926
6246,0.66074604
6252,0.49505055
6257,0.82758904
6268,0.9231331
6271,0.7879618
6274,0.8163878
6278,0.28515863
6279,0.821053
6284,0.88206464
6285,0.8043761
6286,0.52109456
6289,0.65303016
6300,0.7021339
6302,0.8485422
6311,0.90782803
6312,0.8674133
6319,0.7728472
6320,0.89311814
6323,0.8963857
6325,0.8396176
6326,0.46191353
6327,0.8829212
6331,0.7672622
6341,0.80540574
6342,0.86607957
6347,0.67569155
6351,0.45646387
6355,0.6349035
6356,0.8822172
6361,0.77624893
6363,0.80552
6367,0.768795
6368,0.79845124
6371,0.6633998
6373,0.5198417
6374,0.92988205
6375,0.8162438
6376,0.7465941
6378,0.74951094
6379,0.68307245
6385,0.81475365
6392,0.60068166
6395,0.7373443
6405,0.8677664
6408,0.8318063
6414,0.77915823
6424,0.59164417
6425,0.30924994
6439,0.5240085
6443,0.8567576
6445,0.5538391
6450,0.7914837
6451,0.57784617
6453,0.8181002
6457,0.8965281
6459,0.8366606
6460,0.5025388
6463,0.9258278
6465,0.8200577
6466,0.7356975
6467,0.64708114
6476,0.7113863
6482,0.8962051
6488,0.68214405
6489,0.8048798
6496,0.29410505
6512,0.7283757
6513,0.7624637
6514,0.8131757
6517,0.75477684
6520,0.9138946
6527,0.88684183
6528,0.83960366
6535,0.81032103
6536,0.80388993
6552,0.5998031
6553,0.86782074
6554,0.6997
6557,0.84246546
6560,0.65233946
6561,0.75136817
6567,0.9202367
6568,0.72087085
6573,0.7972449
6574,0.78294027
6578,0.7736244
6585,0.7832563
6586,0.54100984
6588,0.6195109
6593,0.6939864
6596,0.5011982
6615,0.77605236
6623,0.8067906
6627,0.8648023
6629,0.7841744
6630,0.65800154
6635,0.7807494
6637,0.922566
6641,0.74950397
6642,0.7279825
6643,0.79044265
6644,0.8339126
6646,0.8032234
6647,0.9000137
6656,0.9073731
6657,0.5766878
6658,0.94420964
6663,0.6197264
6664,0.7759928
6665,0.74098146
6668,0.88544214
6677,0.83098805
6682,0.7028258
6686,0.47827452
6688,0.40620047
6695,0.7899319
6704,0.78726506
6705,0.74081707
6716,0.7722499
6722,0.45152467
6723,0.60086393
6726,0.8614452
6730,0.6787472
6731,0.8151838
6733,0.641988
6739,0.8726362
6742,0.5672592
6748,0.91517496
6750,0.7136802
6751,0.63568497
6752,0.85162926
6754,0.7603363
6758,0.79069465
6759,0.8410835
6765,0.79965115
6769,0.4662556
6773,0.68673354
6774,0.59754956
6775,0.79772246
6778,0.68041366
6786,0.5128553
6788,0.94567597
6790,0.58091533
6792,0.74173474
6794,0.8135454
6798,0.7139009
6803,0.795585
6805,0.39933455
6807,0.37247127
6810,0.8150176
6811,0.67294526
6813,0.860118
6814,0.778695
6816,0.7319096
6818,0.78982425
6821,0.8566312
6832,0.63512063
6839,0.81948936
6841,0.7383088
6843,0.90496206
6845,0.45884073
6847,0.6635512
6848,0.7157091
6850,0.80020195
6851,0.9185329
6852,0.5105252
6853,0.5377167
6855,0.823885
6858,0.70541453
6866,0.73084986
6867,0.8464463
6870,0.84205765
6871,0.7080456
6881,0.6715618
6895,0.52548313
6906,0.55966926
6917,0.53091633
6923,0.3665346
6925,0.87522626
6930,0.73386675
6933,0.67466164
6936,0.8104647
6938,0.82576054
6939,0.5832678
6940,0.73014545
6942,0.67179215
6948,0.7944784
6959,0.6349816
6961,0.39391738
6962,0.48872775
6969,0.8330882
6971,0.7354426
6973,0.2327336
6976,0.84157723
6981,0.61688465
6991,0.7063767
6994,0.8955145
6998,0.766692
7001,0.7715727
7005,0.7751365
7007,0.50041044
7016,0.6613785
7017,0.6865337
7020,0.62206554
7031,0.90831953
7033,0.7941681
7036,0.73294985
7040,0.78248566
7042,0.70653903
7049,0.9546996
7051,0.76087326
7071,0.8354429
7080,0.22088945
7086,0.70120275
7088,0.8665481
7095,0.6195704
7101,0.7310114
7102,0.58796
7106,0.831789
7110,0.6851914
7114,0.81987107
7116,0.6353322
7117,0.7582016
7119,0.69346595
7126,0.8126413
7128,0.8496564
7132,0.76351607
7143,0.905348
7147,0.9034656
7149,0.8073129
7152,0.9229399
7156,0.46516818
7158,0.88247347
7161,0.92081034
7164,0.7616102
7171,0.84090674
7173,0.7093351
7176,0.82487094
7179,0.6133114
7181,0.64004874
7183,0.9055859
7190,0.8385666
7193,0.7833808
7195,0.9401216
7198,0.92055255
7203,0.897849
7204,0.92725015
7210,0.8715291
7211,0.86095285
7215,0.356515
7224,0.7615106
7225,0.64141035
7226,0.90284723
7227,0.773458
7230,0.8390871
7233,0.9360058
7242,0.5989303
7245,0.7728661
7247,0.7414774
7248,0.7398446
7249,0.69064385
7250,0.88609755
7261,0.8569948
7262,0.68996894
7265,0.85769415
7266,0.73949933
7273,0.8330163
7274,0.5563901
7279,0.9081802
7283,0.58996856
7285,0.86927295
7286,0.72283643
7291,0.7697899
7294,0.84434927
7298,0.58100873
7301,0.53034747
7302,0.45130754
7303,0.65672314
7305,0.8178249
7307,0.80158097
7309,0.6170801
7313,0.82869315
7318,0.8504555
7319,0.8118869
7322,0.49872386
7325,0.8816422
7333,0.5110053
7344,0.7380807
7354,0.52349085
7358,0.48618555
7368,0.78766036
7370,0.7084869
7372,0.6927253
7379,0.7172127
7380,0.77220815
7382,0.82257044
7390,0.842362
7395,0.62932444
7398,0.5175565
7400,0.8681671
7403,0.3423307
7408,0.8185587
7411,0.8376385
7412,0.9150877
7419,0.73332274
7421,0.55391824
7427,0.8227993
7430,0.8914579
7431,0.39350438
7433,0.7285849
7435,0.8024112
7446,0.55407387
7448,0.92470914
7460,0.85745513
7462,0.86434686
7469,0.7530515
7473,0.95842075
7476,0.83941084
7485,0.81595314
7488,0.87315404
7500,0.8146322
7502,0.7895721
7503,0.866377
7504,0.8803812
7506,0.5964471
7507,0.7738669
7508,0.68107677
7514,0.6953085
7521,0.83297205
7526,0.6572266
7529,0.7832006
7535,0.594262
7546,0.85842586
7549,0.8799779
7557,0.7898919
7566,0.9024558
7571,0.6751747
7573,0.8672004
7586,0.819522
7589,0.8202448
7594,0.64168906
7598,0.6261316
7610,0.5918324
7611,0.88247526
7619,0.87513274
7621,0.51152354
7622,0.75709677
7629,0.6996105
7635,0.68212163
7636,0.72478783
7639,0.7089394
7641,0.59190905
7647,0.7979686
7654,0.83382654
7659,0.7100298
7663,0.8334144
7667,0.50522375
7670,0.6832802
7672,0.9421495
7674,0.7870364
7692,0.9205494
7693,0.8699961
7695,0.90026486
7696,0.6097512
7698,0.9348159
7700,0.43541533
7701,0.8595303
7712,0.40016794
7714,0.8922126
7719,0.817565
7720,0.73825014
7723,0.71838915
7725,0.30102718
7729,0.80214
7730,0.8565928
7732,0.62950397
7742,0.5701488
7747,0.667623
7748,0.5863477
7749,0.8491431
7751,0.6386119
7753,0.89121
7755,0.81753695
7764,0.6208807
7771,0.5853373
7774,0.83543146
7777,0.6785323
7779,0.9272061
7782,0.6315064
7790,0.702658
7791,0.54651725
7798,0.88254094
7799,0.5313188
7805,0.6679448
7806,0.8854726
7807,0.7467201
7811,0.40871578
7820,0.5908967
7829,0.4297307
7834,0.8547495
7844,0.4998377
7848,0.840443
7851,0.47544992
7853,0.78159106
7855,0.85241103
7857,0.6179412
7863,0.6288752
7864,0.8073135
7870,0.6394292
7871,0.8475195
7879,0.6509483
7881,0.88518584
7883,0.7927317
7890,0.76618105
7892,0.6306491
7893,0.630164
7895,0.40466923
7896,0.7277881
7903,0.86127794
7905,0.886642
7908,0.74583614
7910,0.8338598
7915,0.5599556
7918,0.6545048
7924,0.63574797
7939,0.70827377
7947,0.69576037
7948,0.77499914
7953,0.77898914
7956,0.7333188
7959,0.75274694
7966,0.56361175
7969,0.78709936
7970,0.78874886
7971,0.35971564
7974,0.7079158
7975,0.6500479
7989,0.42682385
7997,0.78909683
7999,0.81114477
8002,0.86255527
8005,0.831867
8009,0.8074619
8011,0.81925887
8014,0.4566
8016,0.7571843
8028,0.78909844
8030,0.8558482
8033,0.75223494
8036,0.97285396
8040,0.7052865
8043,0.8746834
8045,0.83185816
8050,0.83698803
8052,0.83464915
8053,0.7294051
8057,0.32037216
8059,0.18225539
8068,0.7783984
8070,0.64426625
8074,0.41835165
8075,0.75997394
8085,0.7688244
8086,0.69392794
8088,0.7831709
8092,0.6559485
8094,0.7876096
8095,0.7189973
8096,0.756338
8098,0.73732805
8103,0.7617538
8104,0.75461584
8112,0.6917999
8113,0.49568003
8118,0.86449593
8119,0.8062731
8123,0.84941435
8124,0.70777196
8134,0.521843
8136,0.7035879
8137,0.78193223
8138,0.6742078
8139,0.83102286
8144,0.9537492
8151,0.8240987
8156,0.854853
8158,0.7312709
8162,0.58821726
8168,0.6162332
8170,0.84053576
8173,0.7955298
8178,0.91510606
8188,0.8047668
8194,0.6504227
8196,0.8520549
8207,0.72505397
8209,0.5028232
8210,0.8573619
8213,0.8023305
8217,0.5982932
8222,0.58096266
8224,0.90412974
8225,0.8864708
8228,0.76388955
8230,0.45694202
8236,0.52258134
8238,0.57440454
8241,0.7807987
8244,0.91226625
8245,0.832409
8248,0.36875534
8249,0.66732204
8264,0.587839
8265,0.68773246
8266,0.5659369
8268,0.8038164
8269,0.77515084
8276,0.5354516
8283,0.68624127
8285,0.6668057
8288,0.6658611
8294,0.66808796
8300,0.79217535
8304,0.8730687
8305,0.85073084
8308,0.65696007
8310,0.8505304
8313,0.48126173
8315,0.8684025
8320,0.9144755
8328,0.67429286
8331,0.74277425
8332,0.6293696
8339,0.48583913
8341,0.5986062
8352,0.4419282
8354,0.6343745
8362,0.86772794
8363,0.6547268
8364,0.74215513
8365,0.79034543
8369,0.87374413
8371,0.9166684
8373,0.78448594
8374,0.449412
8375,0.845006
8376,0.70476377
8377,0.7532071
8378,0.88327754
8379,0.8818474
8380,0.6098828
8385,0.70906925
8387,0.41666812
8389,0.78193426
8390,0.66074884
8395,0.88297564
8396,0.4368096
8397,0.5274091
8402,0.55059993
8405,0.5730622
8408,0.8283077
8412,0.73120785
8414,0.9166391
8417,0.7363567
8421,0.8210968
8424,0.7034925
8427,0.8119349
8429,0.74395937
8434,0.81789136
8437,0.7116933
8448,0.6931082
8459,0.9081989
8464,0.94515866
8472,0.748029
8484,0.8968585
8486,0.421153
8487,0.79881006
8488,0.8805922
8489,0.8724824
8492,0.80326974
8494,0.81503767
8495,0.78434354
8507,0.2646044
8510,0.8588096
8511,0.8190491
8515,0.8652692
8519,0.5368389
8523,0.7755908
8529,0.6835798
8531,0.8490952
8532,0.74642676
8536,0.66994816
8540,0.7904141
8552,0.71138465
8557,0.8882018
8561,0.87666
8566,0.8018712
8568,0.8577148
8569,0.8752063
8573,0.504957
8575,0.35073137
8579,0.40865147
8581,0.935388
8582,0.4955157
8586,0.46987844
8592,0.8560418
8597,0.7056953
8599,0.88396454
8603,0.63356644
8609,0.5895526
8612,0.85614747
8613,0.72646105
8616,0.7830648
8618,0.7428478
8625,0.9008765
8626,0.8538364
8630,0.7836894
8633,0.38695514
8634,0.6647248
8635,0.45467263
8647,0.6856599
8649,0.7558981
8650,0.8399632
8652,0.71798843
8659,0.8722432
8660,0.9104831
8685,0.5838907
8688,0.56840825
8689,0.59352994
8691,0.38292605
8697,0.85331064
8700,0.70762134
8706,0.71675146
8709,0.6611755
8724,0.80481404
8725,0.82028335
8734,0.71514016
8739,0.7738644
8742,0.46167082
8745,0.9635417
8751,0.6686381
8753,0.8569752
8760,0.9636874
8762,0.5385725
8768,0.7941018
8777,0.68063766
8785,0.86791295
8787,0.62564516
8797,0.8343413
8801,0.8231208
8805,0.8960599
8809,0.40731537
8813,0.84528965
8828,0.862365
8835,0.8916163
8836,0.7238574
8838,0.85813993
8840,0.8847699
8847,0.7828108
8850,0.8770977
8853,0.5327341
8854,0.4654867
8856,0.5514904
8862,0.8867524
8876,0.36854166
8877,0.83731705
8879,0.76677233
8880,0.76703584
8887,0.78197086
8888,0.7244892
8890,0.81250423
8899,0.94596004
8902,0.77506566
8903,0.6550764
8908,0.7159924
8909,0.7938281
8910,0.7431418
8914,0.87732697
8919,0.6767687
8922,0.75744295
8923,0.666174
8925,0.57059276
8926,0.9270916
8927,0.88930714
8928,0.9199316
8930,0.3934868
8933,0.3859973
8938,0.8626236
8943,0.7585211
8948,0.7215243
8952,0.7571425
8954,0.85404444
8955,0.49326134
8968,0.7133922
8974,0.86516327
8976,0.9025983
8977,0.27540743
8987,0.87155414
8992,0.85141146
8996,0.81194746
8997,0.8220412
8998,0.7285502
9007,0.70291686
9008,0.5900395
9011,0.7688284
9012,0.85138154
9013,0.8129916
9016,0.77933407
9021,0.9226738
9023,0.82791144
9033,0.7976917
9034,0.43390363
9035,0.9334402
9047,0.8703942
9048,0.27275586
9063,0.7413448
9066,0.6511697
9068,0.87809795
9077,0.80710316
9085,0.7850946
9088,0.4701408
9097,0.8395684
9109,0.4023744
9114,0.7413037
9115,0.91612315
9116,0.5631112
9117,0.7848907
9120,0.7291087
9133,0.7907291
9138,0.6350036
9147,0.8206565
9148,0.7909094
9151,0.72251654
9153,0.8381573
9158,0.70821774
9160,0.6427963
9172,0.8703129
9176,0.6835392
9177,0.8787203
9184,0.9526679
9185,0.6999223
9189,0.7269844
9193,0.4235822
9194,0.65875846
9195,0.2593748
9200,0.66982526
9202,0.50983036
9207,0.6725337
9210,0.5277983
9212,0.76076496
9214,0.72248864
9217,0.7372371
9222,0.8611844
9223,0.6876775
9224,0.848621
9225,0.3153512
9230,0.89157593
9231,0.60606
9233,0.8024091
9237,0.63047826
9239,0.7968727
9242,0.6381189
9248,0.50330925
9254,0.70010346
9257,0.9322866
9265,0.68172854
9273,0.8946641
9283,0.6627039
9285,0.8704229
9295,0.7655461
9298,0.9213941
9304,0.9168964
9308,0.83554685
9310,0.36983687
9320,0.64613646
9321,0.83746225
9328,0.78066975
9334,0.8668536
9339,0.8313654
9341,0.84604365
9342,0.6775198
9343,0.8940016
9346,0.716465
9348,0.7705077
9352,0.82573706
9365,0.76806736
9371,0.50593555
9372,0.8946344
9377,0.84623
9387,0.6758344
9388,0.88534886
9392,0.5758071
9395,0.8033561
9399,0.39406234
9400,0.821731
9403,0.6375412
9410,0.8643509
9413,0.85491925
9420,0.8644341
9421,0.55657506
9430,0.92247814
9432,0.7414236
9435,0.8418533
9436,0.8119863
9438,0.9360381
9439,0.6943978
9443,0.85671353
9450,0.48450333
9465,0.83000076
9482,0.9081284
9485,0.7323794
9489,0.7923529
9493,0.8471136
9495,0.81908786
9499,0.8876433
9500,0.9459723
9506,0.64619446
9513,0.77023923
9516,0.63410395
9526,0.54480267
9530,0.48935223
9532,0.8999226
9536,0.772341
9539,0.6679711
9540,0.65090716
9545,0.56387866
9548,0.6262005
9549,0.66060406
9552,0.8343745
9554,0.7017399
9556,0.72782934
9557,0.75101906
9562,0.7904029
9563,0.91176945
9564,0.51663744
9567,0.6428758
9572,0.84842396
9579,0.78135115
9584,0.5747465
9586,0.86968446
9588,0.29381627
9604,0.675876
9611,0.73417723
9617,0.59649646
9618,0.77422714
9620,0.2638535
9625,0.80554706
9627,0.85643816
9634,0.815881
9635,0.90701485
9642,0.8403397
9648,0.5761914
9656,0.75540304
9660,0.79426813
9666,0.8156457
9668,0.72360754
9674,0.8843657
9680,0.889217
9685,0.702669
9689,0.8874168
9692,0.76664585
9698,0.5090747
9702,0.41143185
9703,0.46427137
9708,0.8231982
9713,0.83740646
9714,0.6472303
9717,0.7102475
9725,0.66164786
9726,0.68907523
9728,0.77199984
9729,0.74413955
9730,0.78653014
9732,0.8327082
9734,0.7096946
9736,0.8396324
9737,0.7714966
9740,0.74536836
9742,0.69077253
9747,0.7792642
9749,0.6404826
9751,0.540094
9752,0.6095494
9754,0.6408296
9755,0.77214897
9767,0.8874317
9770,0.83187896
9772,0.43640393
9775,0.57400894
9778,0.91241455
9799,0.79290533
9805,0.7354488
9807,0.8790069
9810,0.6540156
9811,0.62154055
9816,0.79923296
9818,0.33270574
9819,0.6932671
9827,0.65131223
9828,0.8054311
9836,0.6397389
9837,0.7892301
9838,0.3782614
9846,0.8299914
9848,0.9457892
9849,0.8728912
9860,0.90345836
9861,0.833382
9866,0.5248865
9870,0.8212966
9875,0.34956115
9877,0.7956103
9880,0.5445907
9890,0.8423124
9899,0.63284755
9905,0.85640717
9914,0.6801635
9915,0.77728224
9916,0.6568548
9917,0.5334896
9920,0.75156915
9926,0.8310547
9931,0.65064657
9933,0.8512854
9942,0.9101995
9947,0.8177245
9952,0.79989964
9954,0.76287705
9962,0.62368304
9969,0.78418756
9970,0.90774065
9971,0.85530216
9973,0.41264606
9974,0.92889065
9976,0.8158903
9977,0.8223924
9983,0.5261559
10006,0.9133009
10009,0.73553157
10011,0.8569826
10018,0.5019468
10024,0.72666276
10035,0.8113997
10040,0.531238
10044,0.6936828
10049,0.86608297
10051,0.94152904
10052,0.8682297
10055,0.517764
10058,0.47499114
10062,0.44433874
10069,0.893869
10072,0.8106373
10076,0.78839064
10082,0.35877627
10083,0.7392191
10084,0.8322573
10085,0.68377787
10086,0.89356256
10087,0.7650575
10089,0.83023506
10092,0.702299
10096,0.91412365
10098,0.7747462
10103,0.85336477
10105,0.49636632
10106,0.9045908
10107,0.886439
10108,0.8076608
10113,0.5457076
10116,0.61654973
10121,0.9298668
10122,0.84106976
10127,0.8258173
10133,0.7458103
10134,0.8270062
10137,0.8767928
10140,0.6071218
10142,0.7165105
10148,0.5838537
10151,0.8317779
10153,0.28526884
10155,0.83626854
10156,0.5728366
10159,0.83428055
10173,0.84120846
10178,0.7415948
10180,0.808043
10183,0.7951071
10189,0.71480095
10197,0.89521265
10200,0.5194656
10203,0.7953273
10214,0.44757962
10216,0.5509608
10220,0.74728334
10224,0.70373017
10225,0.31872153
10226,0.5215676
10228,0.8899938
10229,0.80516315
10234,0.75019
10237,0.35506356
10243,0.6160464
10245,0.85305345
10246,0.73528945
10249,0.73073983
10253,0.38648087
10260,0.644342
10261,0.6849998
10265,0.82988465
10267,0.8478641
10270,0.928268
10272,0.7533638
10273,0.66450244
10275,0.68310297
10280,0.6367502
10285,0.83970964
10293,0.40387613
10294,0.7139743
10295,0.87631345
10299,0.7793368
10302,0.9249677
10303,0.7058282
10308,0.7331067
10311,0.76063204
10312,0.7643617
10320,0.69078255
10325,0.5361843
10328,0.46974778
10332,0.8387269
10337,0.46605015
10346,0.8315755
10349,0.6431942
10352,0.70069456
10358,0.87420726
10375,0.784938
10379,0.82710665
10382,0.63063467
10384,0.54360795
10389,0.87932634
10392,0.77814615
10398,0.71210504
10413,0.8698715
10417,0.7412449
10419,0.4530214
10428,0.8720472
10437,0.814796
10445,0.7262165
10446,0.8559201
10450,0.61923116
10465,0.84706175
10469,0.8391135
10472,0.8078139
10476,0.5632972
10479,0.47095674
10481,0.7446059
10486,0.37098962
10487,0.6802909
10488,0.623994
10491,0.4947242
10492,0.38885176
10494,0.74132913
10496,0.64311737
10499,0.58792174
10509,0.8273234
10511,0.6555524
10516,0.4722091
10519,0.8213505
10520,0.69990087
10521,0.55620104
10524,0.6480597
10532,0.8148403
10534,0.7934665
10539,0.7137368
10540,0.6153607
10541,0.44171846
10542,0.832658
10543,0.73728025
10545,0.6186458
10548,0.847291
10549,0.782164
10551,0.6979268
10566,0.7193395
10567,0.72362375
10573,0.5255613
10574,0.68624556
10576,0.9056691
10583,0.75166804
10585,0.85991836
10592,0.8730602
10595,0.8419479
10605,0.57487845
10608,0.77851963
10615,0.81453604
10616,0.77164936
10617,0.851243
10621,0.88580716
10624,0.75422955
10630,0.6677114
10641,0.73683035
10642,0.84501016
10643,0.5416925
10647,0.8893049
10648,0.7738606
10649,0.56268156
10650,0.7363452
10651,0.6058694
10653,0.8624499
10656,0.6722323
10657,0.86406326
10658,0.8449477
10660,0.8991672
10662,0.7480941
10669,0.86787415
10674,0.8887803
10675,0.37527484
10676,0.6233885
10680,0.783898
10684,0.7372246
10687,0.83078337
10690,0.806227
10692,0.81492126
10699,0.5623353
10701,0.7759231
10707,0.7215947
10712,0.76298547
10716,0.7219713
10719,0.6530993
10720,0.55197316
10723,0.9052441
10725,0.7269269
10738,0.7376356
10743,0.587202
10745,0.78353715
10749,0.74253845
10751,0.9278066
10752,0.7017853
10755,0.65526414
10758,0.68429655
10760,0.6778065
10763,0.797892
10764,0.8330675
10765,0.91839683
10766,0.67122304
10767,0.46655762
10770,0.5895462
10775,0.65884197
10779,0.5510096
10785,0.6807344
10786,0.55477464
10789,0.5858317
10792,0.4667899
10796,0.7743995
10799,0.36962813
10801,0.842924
10815,0.7814623
10817,0.9058289
10820,0.78671515
10823,0.66607004
10826,0.66532624
10831,0.49273074
10834,0.77154315
10836,0.49293214
10839,0.8099153
10845,0.8119102
10848,0.8931564
10855,0.6417655
10861,0.80399644
10866,0.2882496
10869,0.6023489
10876,0.9348641
10882,0.7451031
10883,0.8679673
10887,0.43220544
10889,0.5855967
10894,0.9100317
10895,0.6931782
10898,0.54638785
10908,0.51344264
10914,0.8031213
10915,0.75846577
10917,0.7083398
10918,0.5949509
10930,0.7969432
10936,0.5923128
10947,0.8249229
10948,0.75134057
10949,0.79465544
10952,0.54536563
10960,0.75043744
10962,0.8189894
10964,0.7689723
10967,0.40399563
10971,0.716578
10972,0.7775479
10979,0.7629631
10980,0.5479915
10982,0.93152136
10985,0.32055908
10987,0.44371653
10992,0.807052
11000,0.8136093
11003,0.52579343
11014,0.6390518
11027,0.6609916
11029,0.69763076
11043,0.7965004
11044,0.7990037
11045,0.71285045
11049,0.92516553
11052,0.8316896
11060,0.8824414
11069,0.86189634
11071,0.7533794
11072,0.7970068
11073,0.6997878
11086,0.91176623
11095,0.75076944
11097,0.77133894
11101,0.6443022
11106,0.5169126
11107,0.8311029
11108,0.77056205
11112,0.6989751
11125,0.85370994
11126,0.70432484
11130,0.8612931
11131,0.7349993
11133,0.819493
11134,0.89390033
11136,0.90023965
11137,0.8689427
11140,0.6955575
11145,0.34754777
11153,0.84889853
11156,0.7617773
11158,0.86949104
11160,0.7692084
11161,0.8029647
11172,0.75287014
11173,0.6891435
11180,0.81615335
11187,0.6684557
11192,0.7070652
11195,0.57163763
11197,0.77212614
11203,0.72145027
11204,0.90659535
11205,0.49100417
11208,0.8790644
11209,0.70973253
11212,0.57826054
11214,0.61541486
11217,0.66388464
11218,0.4579299
11222,0.5255317
11223,0.8115349
11233,0.76666164
11238,0.66420835
11241,0.6592524
11246,0.7690679
11247,0.74038815
11253,0.8601769
11258,0.66439533
11262,0.8272332
11268,0.7160256
11282,0.8968697
11283,0.6336378
11285,0.38670808
11286,0.7567014
11291,0.47542542
11299,0.82846755
11301,0.59998035
11303,0.9149163
11305,0.79570615
11308,0.5715111
11312,0.5760642
11322,0.6892189
11324,0.87006813
11325,0.8513491
11328,0.8554062
11337,0.5341568
11338,0.9144448
11342,0.57724345
11343,0.8581168
11345,0.8190283
11350,0.7254101
11353,0.7394508
11354,0.77152276
11357,0.6276734
11359,0.77273303
11367,0.34250474
11368,0.87564015
11369,0.6254782
11373,0.6789095
11375,0.9348748
11384,0.7204861
11395,0.8375557
11398,0.61812246
11403,0.62800694
11404,0.7186502
11406,0.58243215
11407,0.72629845
11413,0.86755204
11417,0.84579265
11424,0.4822024
11426,0.8092029
11434,0.76272404
11441,0.9365827
11442,0.8057656
11445,0.62201095
11447,0.64272475
11448,0.59683704
11449,0.8642373
11452,0.6412729
11453,0.81034917
11460,0.7952187
11462,0.75235647
11467,0.59626234
11477,0.8458178
11486,0.8853254
11489,0.8815617
11490,0.78307366
11491,0.8150504
11499,0.8789428
11508,0.7142359
11517,0.8585061
11518,0.44418043
11519,0.75973856
11525,0.74798447
11526,0.7154937
11527,0.8513423
11532,0.6316602
11539,0.8469352
11541,0.8722378
11543,0.6775782
11544,0.88236856
11548,0.8049842
11556,0.502568
11557,0.4462999
11564,0.735685
11565,0.9097465
11568,0.9366979
11569,0.38296092
11573,0.8122902
11576,0.7840712
11578,0.92223316
11588,0.8336357
11606,0.81681585
11611,0.6865097
11615,0.77325964
11616,0.63366413
11628,0.6716044
11630,0.47954285
11638,0.878965
11641,0.7812096
11643,0.26402652
11644,0.5047573
11645,0.8964972
11648,0.8051374
11657,0.81879693
11658,0.8519675
11659,0.865885
11664,0.53776145
11668,0.68553233
11674,0.37272406
11680,0.60297364
11682,0.80508614
11693,0.8069767
11698,0.5968287
11702,0.85601485
11704,0.81357276
11705,0.86009294
11708,0.50707763
11714,0.8319675
11720,0.77057296
11725,0.5645708
11726,0.7311904
11727,0.69559056
11729,0.76366985
11731,0.5615851
11734,0.6984974
11737,0.86141294
11739,0.46093726
11743,0.69446415
11753,0.5881399
11755,0.9070065
11762,0.6963383
11768,0.90969574
11769,0.79663575
11771,0.76874626
11780,0.7532466
11784,0.70853436
11785,0.7284585
11790,0.8791518
11797,0.27704775
11801,0.89297265
11807,0.42956257
11809,0.68040645
11812,0.71307063
11813,0.6978296
11815,0.58700925
11816,0.88264084
11829,0.7629586
11830,0.8115796
11831,0.7234228
11835,0.684029
11837,0.7869714
11838,0.33503795
11844,0.60635924
11849,0.8984164
11856,0.8708079
11860,0.32512623
11864,0.7319257
11867,0.70663327
11868,0.8119715
11869,0.6523019
11872,0.5243521
11874,0.8724436
11876,0.8936688
11880,0.87532425
11884,0.9286937
11888,0.74491084
11899,0.8576653
11901,0.5271698
11903,0.6053067
11904,0.6404827
11905,0.826476
11909,0.861171
11914,0.8326699
11915,0.6147935
11916,0.8908671
11917,0.675959
11921,0.85479087
11922,0.80738604
11924,0.77652025
11925,0.72984064
11929,0.8089527
11935,0.95417166
11936,0.78390455
11948,0.40905684
11963,0.8073592
11966,0.9609492
11976,0.69461036
11978,0.8483973
11983,0.81607854
11988,0.6970638
11992,0.82528394
11994,0.87258834
11995,0.48070264
12006,0.85938734
12018,0.7173066
12022,0.73606014
12024,0.86131424
12025,0.5785286
12026,0.55004126
12032,0.6171663
12033,0.8474206
12034,0.69302213
12036,0.4479128
12044,0.8665317
12046,0.808984
12062,0.67521197
12074,0.54726106
12077,0.36957008
12078,0.66325116
12081,0.71239865
12086,0.8372774
12090,0.7210901
12104,0.8151444
12108,0.8048838
12110,0.8993271
12113,0.52444196
12116,0.7052256
12122,0.7916953
12123,0.8183838
12124,0.8555175
12129,0.5401402
12130,0.78130907
12133,0.87329066
12134,0.6793015
12137,0.9393588
12144,0.82209575
12148,0.4141292
12150,0.7297084
12160,0.8022796
12161,0.8388707
12167,0.7600105
12169,0.847563
12170,0.8528464
12171,0.5806439
12175,0.7978101
12178,0.8041463
12181,0.57780683
12196,0.94440776
12199,0.7460542
12201,0.72712576
12207,0.8429155
12212,0.66597944
12213,0.90876675
12215,0.80144787
12217,0.77528775
12221,0.8106763
12223,0.8932753
12232,0.62201494
12233,0.6369401
12237,0.7336539
12238,0.75616205
12247,0.772652
12252,0.53295445
12256,0.8953902
12260,0.5718318
12265,0.85042804
12285,0.7270701
12286,0.82329535
12300,0.7688649
12301,0.800823
12307,0.66812307
12312,0.8991525
12313,0.6514797
12320,0.46640205
12330,0.9354861
12332,0.8920462
12343,0.4478348
12354,0.48738098
12355,0.38045543
12357,0.8633064
12358,0.5600828
12375,0.83883095
12380,0.7706982
12383,0.7168642
12387,0.7303131
12389,0.47343874
12390,0.611408
12391,0.53723574
12395,0.91754633
12396,0.7925274
12397,0.781425
12398,0.84328526
12399,0.9071851
12400,0.8462197
12406,0.69167155
12413,0.5040282
12414,0.6746925
12416,0.60464823
12420,0.7730325
12421,0.711243
12430,0.740363
12440,0.89111805
12445,0.8482623
12447,0.93849456
12449,0.6065586
12450,0.41415244
12452,0.58102405
12455,0.80324674
12457,0.6280442
12464,0.5214474
12466,0.6035032
12471,0.7110251
12472,0.55583405
12485,0.60531276
12486,0.783109
12489,0.79123235
12492,0.704946
12500,0.7232275
12502,0.7191982
12503,0.83780324
12504,0.9023378
12507,0.84259766
12508,0.7894903
12509,0.73735285
12510,0.8396504
12515,0.7750587
12517,0.6138834
12520,0.36148697
12522,0.55860007
12532,0.64147574
12535,0.7656263
12537,0.544271
12539,0.5738936
12542,0.66632724
12543,0.6901588
12546,0.68055284
12547,0.86574554
12549,0.8761256
12550,0.8253961
12553,0.74864316
12562,0.60409987
12563,0.8478077
12564,0.8194116
12575,0.34839183
12590,0.5904199
12591,0.6610118
12603,0.8854507
12608,0.6749692
12613,0.67173374
12616,0.633545
12617,0.7503999
12619,0.7802454
12627,0.5555633
12629,0.80290514
12631,0.8422985
12634,0.7780521
12636,0.5378552
12637,0.8667859
12641,0.73561853
12644,0.6357498
12649,0.8157544
12653,0.70443606
12654,0.50303525
12657,0.39785868
12658,0.3299504
12664,0.3109852
12666,0.68357897
12671,0.74564517
12674,0.7480477
12677,0.5410904
12678,0.78418374
12680,0.7767521
12691,0.77337927
12701,0.87273604
12704,0.854264
12707,0.5826502
12710,0.36076337
12712,0.81561685
12713,0.6166047
12732,0.7434195
12738,0.80541724
12743,0.80513215
12744,0.84767723
12753,0.8653685
12759,0.92616427
12765,0.8129028
12766,0.8282099
12782,0.79885244
12786,0.9256382
12788,0.9445496
12797,0.68668914
12801,0.5765588
12809,0.6031388
12820,0.9088025
12821,0.75623
12822,0.56886315
12823,0.778756
12827,0.6516784
12828,0.5006157
12833,0.6069218
12839,0.53892535
12840,0.7934206
12842,0.8834928
12847,0.52009344
12850,0.7229804
12851,0.6200764
12855,0.77163225
12856,0.5528742
12860,0.49271095
12862,0.70983624
12866,0.82535136
12869,0.80171454
12872,0.8526751
12873,0.71768355
12882,0.9155013
12885,0.47673315
12887,0.86482257
12890,0.58143616
12895,0.78161365
12898,0.68318444
12899,0.9434215
12908,0.5816892
12911,0.9304174
12912,0.75302637
12917,0.77628624
12918,0.8824127
12920,0.7011838
12921,0.56039435
12927,0.85743433
12940,0.82892025
12951,0.58488023
12953,0.58175385
12956,0.8705419
12961,0.81082773
12971,0.8787684
12981,0.758605
12983,0.77601755
12995,0.61846256
12997,0.7579372
13002,0.9230864
13006,0.62420034
13013,0.75732505
13018,0.6281985
13022,0.78135896
13023,0.86422765
13026,0.77391833
13027,0.5732253
13029,0.6537207
13038,0.72706187
13040,0.76516193
13051,0.6155706
13052,0.7593783
13054,0.6623317
13056,0.32588953
13057,0.82803166
13058,0.76969004
13063,0.8236537
13072,0.7776131
13073,0.28525996
13076,0.8563512
13077,0.9238838
13094,0.8038924
13096,0.8184327
13098,0.7518847
13115,0.658308
13118,0.4927333
13122,0.58299565
13124,0.5437083
13128,0.5233363
13132,0.726918
13137,0.8958337
13141,0.5280307
13142,0.342117
13145,0.7613163
13153,0.64245665
13154,0.5746809
13157,0.7027559
13158,0.7659369
13163,0.59448826
13167,0.6393151
13181,0.65624654
13186,0.69837904
13187,0.8309381
13188,0.9062338
13190,0.93970686
13191,0.8655734
13194,0.8557024
13195,0.83322245
13199,0.74686444
13209,0.82220894
13213,0.87251186
13214,0.5750691
13220,0.7354204
13222,0.92329586
13225,0.90269166
13226,0.9024095
13229,0.6649339
13230,0.42947072
13231,0.75787795
13232,0.5217143
13236,0.80757374
13241,0.76834863
13242,0.6587426
13247,0.39860106
13248,0.19187689
13250,0.5754117
13251,0.9045362
13252,0.8873747
13253,0.7397049
13255,0.40188062
13257,0.34275573
13260,0.8051697
13261,0.56222624
13263,0.81241226
13266,0.8340886
13269,0.9017672
13273,0.69646305
13274,0.7584268
13277,0.7155292
13281,0.56581837
13288,0.6003008
13290,0.8016463
13297,0.80424744
13308,0.638707
13321,0.5393077
13322,0.61988163
13324,0.7009303
13331,0.79222935
13336,0.8193759
13346,0.44689023
13347,0.7443366
13354,0.8695345
13355,0.7539653
13357,0.8460192
13369,0.82668585
13371,0.86260915
13378,0.90447927
13381,0.79802954
13383,0.7705833
13384,0.90855014
13386,0.7403579
13397,0.72594357
13399,0.43773085
13412,0.35560143
13416,0.6889536
13420,0.82914615
13433,0.8464258
13440,0.5606295
13446,0.7688789
13447,0.64362335
13455,0.7839806
13456,0.9170755
13462,0.29374868
13463,0.8089331
13464,0.9553584
13469,0.40039843
13472,0.8758107
13480,0.58429736
13481,0.7823312
13485,0.406205
13490,0.83588004
13494,0.49279696
13496,0.814946
13497,0.84491247
13510,0.44201285
13511,0.44595754
13513,0.82571286
13514,0.6241543
13516,0.8270977
13519,0.77313626
13522,0.7600417
13523,0.87122643
13524,0.757669
13541,0.8463542
13548,0.88438827
13549,0.9172925
13552,0.93766946
13554,0.8726333
13555,0.82397807
13556,0.46018475
13558,0.8808413
13559,0.7125
13562,0.62239265
13563,0.7950747
13569,0.5022571
13570,0.58161634
13573,0.72254777
13574,0.59605694
13586,0.80046237
13591,0.31483644
13595,0.81014884
13602,0.7353647
13609,0.6066475
13610,0.9228984
13623,0.58084714
13626,0.65032256
13632,0.8785406
13633,0.5513552
13638,0.6203963
13645,0.7675204
13647,0.6426443
13653,0.70933026
13656,0.5167749
13660,0.4273758
13663,0.7638752
13666,0.6668781
13671,0.4957149
13672,0.52824044
13673,0.25748855
13676,0.8266327
13677,0.5375862
13678,0.59316635
13682,0.7208504
13687,0.8975599
13698,0.57305217
13701,0.5296083
13709,0.81371284
13710,0.61078227
13715,0.8459143
13718,0.6315679
13723,0.67330873
13727,0.7756766
13728,0.70630085
13736,0.90194434
13737,0.83561707
13741,0.87511766
13747,0.5065169
13756,0.8379263
13758,0.756322
13761,0.6862813
13767,0.8037515
13769,0.6064285
13770,0.83779305
13776,0.8985084
13784,0.95023996
13785,0.7657906
13787,0.7369727
13792,0.85542655
13795,0.45459998
13801,0.89081687
13808,0.6593424
13809,0.38078898
13815,0.6265336
13818,0.6933695
13820,0.7582301
13822,0.81945145
13824,0.63125956
13825,0.6721684
13830,0.7804054
13831,0.8816221
13832,0.43704945
13834,0.8563629
13837,0.92928207
13839,0.786486
13840,0.79108757
13843,0.60779715
13847,0.9189907
13852,0.45541292
13853,0.7680487
13855,0.7979459
13856,0.5553521
13860,0.58009166
13861,0.7834971
13863,0.8760946
13865,0.44748187
13871,0.80848074
13873,0.8664195
13878,0.7139703
13879,0.70600474
13880,0.7635208
13888,0.6918615
13889,0.48688966
13893,0.48116678
13894,0.9389654
13895,0.96865356
13896,0.5905492
13901,0.86004835
13908,0.8904779
13910,0.48260456
13914,0.8571951
13923,0.7975836
13926,0.6321111
13927,0.46138442
13929,0.8536792
13936,0.461564
13937,0.9072958
13939,0.7100696
13951,0.8982531
13954,0.78226745
13958,0.7699641
13969,0.5306033
13981,0.5390637
13982,0.69908607
13984,0.72387946
13988,0.84033954
13990,0.7469763
13992,0.92440826
14000,0.65637606
14001,0.71548563
14002,0.58482516
14003,0.8219671
14007,0.9269972
14009,0.9052461
14010,0.7463342
14018,0.66819763
14020,0.76374775
14025,0.8361701
14028,0.9447431
14044,0.7877001
14045,0.5839504
14048,0.7486172
14052,0.81767136
14055,0.75972116
14058,0.7569187
14063,0.7092916
14066,0.7966705
14070,0.89835405
14071,0.71973294
14087,0.8885951
14088,0.8426003
14089,0.7414297
14090,0.8085327
14112,0.42345893
14113,0.7513621
14120,0.8645203
14124,0.8750864
14126,0.88935524
14133,0.9040839
14134,0.6977151
14142,0.84329027
14147,0.91616374
14151,0.69998395
14158,0.80716246
14161,0.85287756
14162,0.8372314
14168,0.8490284
14173,0.8619132
14174,0.860245
14178,0.8744701
14181,0.6528392
14190,0.5459394
14196,0.8692863
14199,0.8897269
14217,0.7694577
14218,0.8409833
14222,0.6171671
14225,0.7686276
14226,0.731871
14240,0.71100235
14245,0.6095277
14249,0.6358567
14252,0.6468874
14256,0.42212635
14260,0.7329359
14261,0.71539545
14262,0.5670817
14264,0.81803083
14265,0.37880355
14272,0.79174876
14275,0.586962
14276,0.5850089
14278,0.8933213
14284,0.2809342
14285,0.8158774
14287,0.54637647
14289,0.49378937
14293,0.73683584
14302,0.8923459
14303,0.9592246
14305,0.6112467
14306,0.9069078
14307,0.79146737
14310,0.66111505
14314,0.25346184
14317,0.7021138
14319,0.51521134
14320,0.66174173
14321,0.88688093
14327,0.7281289
14328,0.71236885
14329,0.90021986
14336,0.83738446
14337,0.86850077
14338,0.74393195
14340,0.56980556
14358,0.6351085
14360,0.62560636
14361,0.31768787
14369,0.7735369
14371,0.40634292
14381,0.26373333
14385,0.50234395
14389,0.5812478
14390,0.75330555
14394,0.37856066
14404,0.9533492
14408,0.6748904
14411,0.5466912
14428,0.80249625
14436,0.82102776
14446,0.74118143
14449,0.83487153
14463,0.658961
14466,0.5901791
14468,0.78021944
14470,0.6207845
14471,0.41320932
14482,0.67691016
14485,0.7338453
14487,0.59296024
14488,0.91759104
14491,0.5578661
14492,0.8798034
14502,0.9374717
14503,0.9104276
14505,0.84959364
14508,0.67404604
14518,0.72003126
14521,0.7377432
14528,0.783357
14535,0.6931218
14539,0.69029987
14547,0.77939
14551,0.79040515
14562,0.82712257
14567,0.61981815
14568,0.5997747
14574,0.72127897
14579,0.6836691
14582,0.5324656
14583,0.6158755
14588,0.7614966
14590,0.5337688
14592,0.85107005
14593,0.81129265
14594,0.27865446
14603,0.7012706
14611,0.86803675
14612,0.8533746
14619,0.8621925
14621,0.6318513
14623,0.7509584
14628,0.9160456
14639,0.7698566
14640,0.8861596
14641,0.8833854
14646,0.35755986
14661,0.72965246
14668,0.8831851
14669,0.7814442
14670,0.82173926
14678,0.8970343
14684,0.654858
14686,0.583508
14688,0.61228585
14689,0.84060717
14692,0.69180405
14694,0.64880705
14698,0.8376262
14706,0.83062667
14708,0.7788068
14709,0.8175152
14714,0.6320769
14716,0.60596156
14717,0.86206603
14718,0.6838233
14727,0.67774594
14731,0.90783393
14738,0.83778304
14743,0.5682743
14744,0.68752027
14746,0.77313304
14749,0.8141478
14750,0.9009095
14751,0.69821995
14757,0.7547126
14758,0.48283947
14759,0.88572276
14760,0.8819839
14761,0.8633748
14762,0.6168448
14764,0.6788907
14765,0.6197374
14779,0.75514346
14782,0.6113174
14786,0.76687443
14787,0.90433204
14794,0.54664576
14796,0.776598
14799,0.7683964
14801,0.80321944
14803,0.8052649
14804,0.8552695
14809,0.86761236
14817,0.84183455
14823,0.79117274
14824,0.7255273
14826,0.67524123
14830,0.70550334
14831,0.6455042
14836,0.9333379
14854,0.9231638
14859,0.6973986
14866,0.6535993
14868,0.6755034
14871,0.77395344
14873,0.8649753
14874,0.83419
14881,0.76076394
14882,0.81478244
14888,0.85105604
14889,0.8201288
14890,0.92282605
14897,0.90102553
14901,0.7017251
14903,0.7161517
14910,0.75191796
14911,0.7814106
14912,0.7875525
14915,0.86135226
14918,0.7827388
14920,0.66271937
14925,0.92826056
14927,0.77605915
14940,0.6776111
14947,0.67348266
14948,0.64595085
14951,0.74648404
14954,0.5219008
14960,0.24613172
14964,0.49938166
14978,0.62641406
14983,0.71148115
14985,0.70067847
14987,0.7523515
14992,0.59520626
14997,0.9082271
14998,0.8648739
15002,0.5406791
15007,0.7765298
15010,0.8623287
15011,0.8809787
15012,0.8962927
15015,0.7418965
15021,0.68659544
15024,0.8366302
15027,0.6212015
15028,0.80017614
15029,0.6600699
15031,0.6544
15032,0.9066582
15038,0.7951994
15042,0.47291398
15049,0.4746778
15050,0.5114417
15051,0.88495195
15059,0.74489105
15069,0.5794014
15081,0.45039415
15098,0.8693263
15099,0.7213422
15100,0.64118314
15102,0.64915675
15103,0.6503355
15114,0.6653532
15126,0.6327129
15128,0.91920793
15134,0.8375584
15137,0.7826142
15140,0.92099726
15141,0.63842064
15142,0.58131754
15143,0.7445297
15148,0.8067343
15163,0.64518154
15168,0.81379735
15172,0.7432178
15173,0.6762147
15175,0.9005186
15179,0.8334755
15182,0.74733484
15185,0.89054465
15192,0.7811322
15194,0.7325411
15196,0.65158397
15213,0.84024155
15215,0.67532974
15216,0.29100055
15217,0.36007667
15219,0.8464366
15220,0.9378413
15223,0.44712198
15226,0.7872725
15230,0.73036015
15234,0.6390585
15239,0.6206144
15247,0.79230076
15252,0.5861976
15253,0.8677049
15255,0.64913785
15262,0.8233395
15268,0.5094417
15270,0.40753198
15277,0.76122653
15278,0.8057648
15281,0.84042835
15284,0.68809104
15285,0.6814635
15288,0.77086926
15291,0.9203702
15293,0.78758454
15296,0.7349137
15297,0.5697279
15298,0.83342487
15300,0.8090577
15314,0.6552547
15321,0.83906317
15323,0.7965901
15324,0.67986196
15327,0.66708267
15328,0.84252226
15344,0.8041183
15349,0.8232112
15353,0.7134923
15355,0.58197117
15360,0.7931926
15365,0.9398666
15366,0.71124905
15368,0.34748113
15371,0.5471221
15382,0.45623785
15384,0.77054286
15385,0.84365624
15391,0.8620466
15402,0.63965553
15406,0.912449
15409,0.86966014
15410,0.8804792
15431,0.6638678
15435,0.91951644
15436,0.57088727
15441,0.9478587
15444,0.78551877
15445,0.91695935
15446,0.7006489
15454,0.32055986
15459,0.76655287
15460,0.50831306
15466,0.6853457
15470,0.71610785
15471,0.66223866
15475,0.878253
15477,0.57467794
15485,0.7351166
15489,0.7366061
15490,0.87118423
15496,0.6971555
15505,0.5782661
15510,0.61379504
15514,0.7950783
15527,0.87504494
15531,0.36400527
15535,0.53955334
15537,0.71861565
15541,0.8095125
15545,0.8496031
15546,0.84796834
15552,0.62336695
15562,0.74424493
15567,0.88810754
15572,0.7308779
15577,0.87097645
15580,0.7789161
15584,0.7668625
15588,0.7954497
15592,0.29885274
15595,0.74172187
15598,0.3832792
15602,0.9092942
15606,0.5741017
15617,0.89380056
15627,0.69974154
15628,0.5982268
15629,0.86214244
15645,0.9191094
15646,0.6890441
15648,0.81195635
15649,0.74164176
15650,0.7667264
15652,0.7145771
15655,0.90046495
15658,0.8390362
15663,0.5203918
15666,0.6131999
15675,0.5689118
15680,0.62566376
15681,0.48726332
15683,0.83183414
15688,0.8878777
15691,0.5964271
15704,0.7647004
15714,0.89172304
15720,0.75262475
15728,0.79905
15729,0.40898377
15733,0.81312644
15745,0.6694235
15754,0.73685586
15756,0.76759315
15763,0.8916433
15779,0.78472406
15785,0.92395425
15786,0.7204685
15789,0.8289465
15791,0.8602291
15794,0.734457
15800,0.26439053
15805,0.7980684
15806,0.47662187
15813,0.79117286
15822,0.72161657
15826,0.73977304
15827,0.7606168
15829,0.6921693
15831,0.83970743
15833,0.79116493
15835,0.8992117
15838,0.8883829
15840,0.66679615
15846,0.42102808
15851,0.4064424
15853,0.6784194
15854,0.73692024
15858,0.44351918
15859,0.71399915
15865,0.8122075
15879,0.6007768
15881,0.39516205
15884,0.88741857
15887,0.76274997
15891,0.5786806
15893,0.875009
15903,0.9016348
15905,0.88546354
15907,0.19671106
15921,0.6575649
15932,0.6725638
15935,0.6962528
15936,0.868032
15942,0.6501266
15945,0.7300229
15948,0.7419046
15949,0.8705453
15950,0.8458594
15954,0.7193661
15956,0.8666166
15965,0.6509481
15966,0.8484785
15968,0.30565333
15969,0.8889533
15971,0.9116173
15973,0.835128
15975,0.6732966
15983,0.64861536
15986,0.87487996
15998,0.41078126
16000,0.3826288
16003,0.6419778
16010,0.65794486
16011,0.75099677
16016,0.7746594
16023,0.7560819
16025,0.8146806
16026,0.19462508
16028,0.8105975
16030,0.70474005
16038,0.6933162
16042,0.8725389
16043,0.7621521
16057,0.88732874
16059,0.8825487
16063,0.6637739
16065,0.8254184
16074,0.39411432
16077,0.7172015
16081,0.9480187
16085,0.82339865
16086,0.8388171
16095,0.81085104
16099,0.6789104
16102,0.40979344
16106,0.8544179
16110,0.78742063
16118,0.82717913
16136,0.96261275
16138,0.5669991
16144,0.5374731
16146,0.3973416
16147,0.8843679
16148,0.7684483
16153,0.78311795
16155,0.72691905
16156,0.7473619
16158,0.46991056
16166,0.6679172
16167,0.6643681
16178,0.8088665
16179,0.81777835
16180,0.7443942
16186,0.83521026
16188,0.8958305
16197,0.8171107
16204,0.8442942
16206,0.30931473
16217,0.832602
16218,0.87984616
16220,0.9166912
16227,0.4196365
16231,0.8641605
16234,0.65213037
16236,0.47225463
16237,0.3319376
16242,0.43113536
16243,0.36497873
16248,0.6422895
16257,0.8983114
16262,0.85088015
16264,0.65832543
16265,0.79439926
16266,0.6212559
16270,0.5643749
16272,0.8340785
16273,0.8713024
16276,0.60845304
16277,0.81234574
16281,0.6237173
16291,0.590531
16293,0.8644787
16295,0.24734783
16297,0.94415873
16298,0.8336111
16303,0.88809913
16309,0.645627
16318,0.749873
16327,0.7643589
16335,0.69556534
16340,0.58411646
16343,0.7144814
16346,0.6436764
16357,0.81649363
16358,0.40857697
16359,0.41135222
16364,0.676057
16367,0.8523474
16375,0.69062614
16386,0.4593628
16395,0.7442783
16398,0.66596013
16401,0.8039467
16403,0.8385879
16409,0.77491057
16412,0.9201477
16413,0.5172548
16415,0.7299925
16422,0.82231396
16428,0.46049434
16430,0.5208456
16433,0.7539258
16446,0.6677255
16469,0.88327396
16476,0.81476814
16477,0.7405938
16491,0.5487397
16501,0.793839
16510,0.5625233
16511,0.2980808
16512,0.82695484
16513,0.7802979
16516,0.5523933
16519,0.87523
16522,0.8742206
16531,0.60058546
16539,0.83232224
16544,0.79161525
16547,0.7143829
16551,0.76447964
16562,0.9058535
16569,0.78589594
16578,0.92257655
16579,0.92289686
16581,0.8585975
16588,0.78861904
16589,0.68100595
16590,0.8752523
16597,0.52140075
16600,0.36981976
16608,0.5334178
16626,0.40198874
16627,0.68403614
16630,0.7484429
16633,0.37474763
16638,0.6573566
16640,0.43077266
16641,0.8496799
16648,0.90915996
16651,0.6738879
16657,0.77961284
16659,0.6756755
16660,0.93553984
16662,0.5981383
16666,0.85601944
16671,0.78777635
16672,0.642251
16676,0.8579048
16677,0.8584088
16678,0.7055701
16682,0.84344953
16689,0.6826179
16692,0.7998416
16696,0.8351567
16702,0.66926
16710,0.76433194
16714,0.78434587
16721,0.51215935
16727,0.2824229
16728,0.91461545
16732,0.7283207
16734,0.7380488
16735,0.74324405
16737,0.8693546
16739,0.29599935
16745,0.7336785
16746,0.7141348
16749,0.65253735
16750,0.7159244
16751,0.59893405
16757,0.5152941
16761,0.44594246
16762,0.5576097
16766,0.88209975
16772,0.81360584
16780,0.3917367
16782,0.83526635
16785,0.2337063
16788,0.93004984
16792,0.71041733
16795,0.64696
16796,0.53771305
16801,0.7090659
16802,0.88462317
16807,0.84030616
16809,0.8601737
16823,0.8808065
16824,0.8596802
16829,0.7262708
16833,0.779784
16837,0.51322305
16839,0.73123854
16844,0.740739
16847,0.65563524
16854,0.75396985
16856,0.79752344
16858,0.638949
16862,0.5304097
16864,0.63800144
16866,0.8746737
16877,0.8962634
16879,0.6678196
16882,0.737651
16885,0.89114505
16888,0.8604991
16894,0.9170532
16897,0.5006401
16901,0.8282734
16902,0.24959391
16905,0.572117
16910,0.803572
16916,0.94798595
16920,0.76990086
16921,0.717621
16923,0.90745926
16932,0.49391693
16936,0.46860486
16946,0.75486517
16948,0.6516266
16951,0.85489225
16957,0.8640904
16976,0.8132191
16980,0.8224843
16993,0.7112099
16996,0.8082911
16997,0.75825477
16999,0.61853516
17007,0.8160343
17013,0.8312645
17019,0.8639312
17032,0.75545156
17035,0.82008386
17036,0.6391717
17043,0.87122387
17046,0.7741274
17049,0.9173629
17051,0.6351613
17056,0.7304696
17063,0.4438964
17066,0.7892761
17083,0.76147115
17086,0.72213054
17087,0.76289886
17090,0.54399145
17093,0.7427148
17096,0.89497733
17097,0.81315565
17101,0.8367141
17104,0.6917548
17105,0.544232
17110,0.7539878
17111,0.5507439
17115,0.44461858
17116,0.4348172
17122,0.7464287
17125,0.49374545
17128,0.56001425
17130,0.7644415
17131,0.8622267
17132,0.7295228
17143,0.7048678
17148,0.7159258
17153,0.69253266
17155,0.8629043
17156,0.89630145
17157,0.60206795
17159,0.65290856
17163,0.88523173
17167,0.6395664
17174,0.72428113
17175,0.39869922
17193,0.90161616
17195,0.63863266
17199,0.61669815
17200,0.7046119
17206,0.65930784
17218,0.90152514
17219,0.82771456
17221,0.7655777
17224,0.7010436
17230,0.62765414
17238,0.5477693
17247,0.39374405
17249,0.62812734
17254,0.8632059
17260,0.9049212
17264,0.5605372
17266,0.68182194
17271,0.74084055
17281,0.50342035
17283,0.8663992
17284,0.49206448
17289,0.64620996
17291,0.82193327
17293,0.6026701
17294,0.76283765
17296,0.843536
17298,0.7886302
17302,0.62942696
17303,0.6855084
17305,0.82922006
17306,0.49009
17310,0.7467606
17311,0.88122743
17312,0.6797144
17313,0.7737844
17314,0.8936206
17326,0.79938924
17327,0.85912365
17334,0.8469169
17336,0.7368369
17342,0.75867033
17347,0.84167165
17351,0.85267866
17353,0.43700463
17356,0.8043012
17358,0.88181716
17367,0.79956937
17370,0.36180782
17372,0.75206727
17375,0.87562823
17380,0.8224783
17381,0.6912941
17382,0.9227589
17383,0.60718775
17385,0.75892353
17388,0.8455606
17391,0.63155663
17400,0.49152362
17401,0.84369993
17402,0.50214255
17404,0.79836965
17405,0.6625252
17406,0.6810272
17417,0.7265984
17418,0.5786077
17421,0.88048124
17424,0.57762885
17434,0.74531525
17437,0.9405248
17439,0.7988286
17442,0.48936212
17444,0.5118731
17446,0.697988
17449,0.8314578
17454,0.73061395
17455,0.83495295
17456,0.76727307
17458,0.7518251
17461,0.66441816
17467,0.8552425
17468,0.79248786
17469,0.65889996
17472,0.61507106
17476,0.8678454
17482,0.8972888
17484,0.77959967
17485,0.897526
17490,0.7156427
17495,0.62581277
17500,0.5267762
17504,0.78246474
17508,0.8755289
17510,0.49228823
17513,0.46610385
17515,0.81390184
17516,0.62956977
17519,0.79163915
17531,0.8385696
17537,0.55527407
17538,0.78990555
17541,0.8215239
17544,0.55759937
17545,0.8098537
17547,0.82621443
17549,0.6170768
17555,0.72718596
17557,0.5788487
17559,0.84528285
17560,0.7962031
17561,0.8272458
17566,0.8782443
17569,0.9198202
17570,0.3053695
17579,0.52750313
17581,0.704641
17586,0.5404701
17587,0.75634485
17590,0.90300083
17592,0.6510555
17595,0.671373
17597,0.4002477
17602,0.79857934
17606,0.7293402
17612,0.8679165
17614,0.77508867
17615,0.8613474
17616,0.8941459
17621,0.36167508
17623,0.8394759
17625,0.59558696
17626,0.9374095
17629,0.5930468
17631,0.8818312
17639,0.73711586
17649,0.8536448
17654,0.77671945
17666,0.8314111
17676,0.83541393
17677,0.7934332
17683,0.77950084
17685,0.7854839
17687,0.26346946
17697,0.78782094
17701,0.8137841
17703,0.54259884
17707,0.8996742
17710,0.60960084
17712,0.8173856
17723,0.774599
17727,0.66179013
17730,0.66191185
17735,0.7715142
17738,0.88367534
17744,0.89096266
17746,0.7908828
17747,0.71924376
17753,0.778795
17754,0.78622085
17755,0.82302755
17760,0.8339769
17764,0.74729955
17770,0.784827
17772,0.8003701
17773,0.5886248
17778,0.75713533
17784,0.67439723
17786,0.7386598
17788,0.5987628
17791,0.667647
17801,0.8124325
17802,0.4851029
17812,0.8071574
17814,0.9318219
17818,0.91314965
17819,0.618876
17822,0.8922108
17828,0.7007477
17831,0.55378926
17833,0.87579656
17839,0.6780234
17842,0.95063734
17846,0.8358256
17855,0.5868857
17856,0.90514547
17859,0.7490271
17860,0.8398743
17873,0.4936927
17874,0.6864774
17875,0.7446829
17884,0.8071184
17893,0.7784322
17895,0.7523648
17900,0.84050435
17905,0.80697334
17906,0.80150706
17909,0.6154752
17916,0.81417507
17920,0.7591036
17925,0.41185015
17926,0.8678796
17931,0.84963685
17933,0.9496975
17934,0.8658824
17937,0.74742293
17939,0.821434
17943,0.875812
17944,0.7759187
17945,0.73140144
17948,0.6596508
17949,0.9248674
17950,0.9243871
17951,0.42321706
17954,0.72409403
17955,0.70587593
17956,0.5687336
17957,0.39616293
17958,0.35562015
17960,0.745986
17961,0.70817494
17970,0.92536634
17979,0.543144
17981,0.75743794
17984,0.7311357
17986,0.84356475
17987,0.70401424
17990,0.7952217
17991,0.52435803
17994,0.87090266
18002,0.72561765
18005,0.67323184
18010,0.3839106
18013,0.484308
18020,0.54141784
18023,0.852005
18031,0.9082875
18034,0.81294847
18037,0.7494923
18039,0.7111032
18041,0.38739836
18045,0.800934
18048,0.52914536
18050,0.6756142
18058,0.58558494
18060,0.8990496
18063,0.69809175
18064,0.66016555
18071,0.8906517
18072,0.817477
18073,0.6297735
18074,0.6393249
18095,0.78891873
18099,0.47435892
18101,0.8762073
18113,0.7412414
18117,0.8082903
18125,0.48066413
18129,0.6182694
18143,0.92989194
18152,0.52988595
18153,0.8760246
18157,0.83162487
18162,0.8113438
18164,0.92170763
18170,0.80284405
18174,0.7160427
18178,0.768093
18181,0.70441955
18183,0.5212747
18190,0.85696995
18192,0.702167
18202,0.39161712
18205,0.6479862
18208,0.7638288
18209,0.8181274
18212,0.66748214
18220,0.7592314
18224,0.46927238
18225,0.8660867
18227,0.58446467
18234,0.8550989
18245,0.7452864
18248,0.41728586
18253,0.65934914
18254,0.9200483
18274,0.74452716
18283,0.7488555
18287,0.80776817
18300,0.8430147
18315,0.5048369
18316,0.84778047
18323,0.8314136
18328,0.845942
18330,0.93684626
18333,0.82247174
18335,0.42508245
18337,0.74724984
18339,0.60463566
18343,0.9181314
18344,0.44925863
18345,0.458632
18346,0.6253297
18347,0.70745385
18348,0.77435017
18354,0.5334508
18361,0.8288621
18369,0.5824357
18372,0.61716497
18380,0.8427872
18381,0.836822
18384,0.5951382
18385,0.3904395
18390,0.63618743
18393,0.9002039
18394,0.85092175
18404,0.6538639
18414,0.8728641
18422,0.9525866
18423,0.76981515
18424,0.46380758
18425,0.4866181
18434,0.76646376
18439,0.85562927
18440,0.83544135
18443,0.6299106
18444,0.563641
18452,0.7237978
18461,0.5445797
18462,0.7780851
18463,0.808748
18474,0.47664005
18479,0.7840234
18483,0.6014831
18488,0.6738773
18489,0.47833896
18490,0.8521781
18491,0.7309814
18495,0.30799818
18497,0.8287505
18504,0.8253978
18511,0.85780543
18514,0.75027376
18515,0.93180364
18517,0.7442149
18522,0.4656039
18525,0.89394057
18529,0.6599301
18531,0.7005296
18533,0.91154885
18536,0.83566904
18537,0.7517829
18538,0.7608782
18540,0.80595636
18547,0.80750906
18548,0.8020002
18552,0.3983934
18553,0.653588
18557,0.6018699
18558,0.41048616
18560,0.7177834
18564,0.5678072
18568,0.75010043
18576,0.56647897
18578,0.44181406
18579,0.7418945
18580,0.83439016
18596,0.90227413
18598,0.8384487
18603,0.8915146
18605,0.3973223
18606,0.4097125
18607,0.7369306
18609,0.85747206
18620,0.83116126
18623,0.7288344
18624,0.7643699
18640,0.5096276
18652,0.5064845
18653,0.76483
18656,0.7607253
18657,0.81254095
18675,0.8112769
18677,0.5516641
18682,0.9359417
18685,0.9213864
18686,0.47041863
18690,0.6170675
18695,0.90919197
18698,0.7223549
18703,0.6704811
18704,0.7231705
18707,0.9073474
18710,0.8325019
18714,0.8672105
18715,0.8293866
18728,0.65305203
18732,0.7970284
18737,0.69189596
18741,0.45501858
18743,0.50403047
18745,0.79851335
18751,0.769467
18754,0.8224854
18758,0.8007362
18764,0.76881146
18765,0.83299387
18768,0.7045108
18779,0.8902429
18780,0.5546174
18781,0.84249413
18785,0.5489599
18789,0.9546121
18792,0.8143542
18793,0.9441332
18794,0.89261204
18807,0.669057
18814,0.80408067
18822,0.8302084
18823,0.58939695
18826,0.45332283
18827,0.5753496
18828,0.6087479
18831,0.6540766
18832,0.8456925
18833,0.62602574
18836,0.8991181
18841,0.87686133
18848,0.8417394
18849,0.6857146
18850,0.8148443
18853,0.6332098
18854,0.56680334
18858,0.52698153
18859,0.74942124
18860,0.443775
18863,0.8590406
18867,0.7903633
18871,0.81310964
18874,0.8111946
18878,0.7785183
18887,0.8944791
18896,0.5369771
18899,0.9124798
18901,0.8754482
18906,0.632442
18908,0.71260023
18910,0.69964635
18912,0.92246
18913,0.93695444
18920,0.72279644
18923,0.65549576
18924,0.78808963
18926,0.78639853
18930,0.8416762
18934,0.8444708
18938,0.8281982
18939,0.572701
18945,0.94580346
18947,0.57391095
18948,0.89036715
18949,0.5966171
18951,0.5426779
18952,0.7371404
18954,0.68553644
18969,0.83729136
18977,0.87918335
18979,0.3567983
18980,0.9122144
18981,0.2560299
18984,0.7149693
18988,0.9185646
18989,0.84228194
18991,0.6705326
19007,0.853299
19008,0.8650775
19009,0.8819661
19016,0.68795496
19023,0.550402
19029,0.42968023
19030,0.48623836
19032,0.632861
19033,0.8879626
19041,0.53477466
19042,0.7435224
19043,0.45364088
19045,0.8070232
19049,0.8714072
19052,0.783653
19055,0.88205254
19061,0.8150566
19066,0.8126086
19067,0.63500977
19077,0.7099258
19078,0.6600957
19081,0.78056467
19083,0.6043148
19084,0.6302211
19087,0.78890604
19090,0.8913806
19094,0.607517
19101,0.8222573
19104,0.9203127
19112,0.60778207
19118,0.76838195
19127,0.55327934
19130,0.53337836
19131,0.5468692
19132,0.7868865
19135,0.8761586
19136,0.6846558
19137,0.92625284
19138,0.79589826
19144,0.7489153
19145,0.7655026
19157,0.69980776
19166,0.93000656
19174,0.8692791
19177,0.5044167
19180,0.5828327
19188,0.7540189
19197,0.8908284
19202,0.8232506
19208,0.7013573
19210,0.59189403
19212,0.68555605
19213,0.5421667
19217,0.82419163
19220,0.85960126
19227,0.8380163
19240,0.87287635
19241,0.67917323
19243,0.6294764
19247,0.8026196
19248,0.51720333
19249,0.77195287
19250,0.7740487
19251,0.4909953
19253,0.31573105
19259,0.9045666
19264,0.4206921
19268,0.7379813
19270,0.9398913
19274,0.8966014
19278,0.464114
19279,0.73680913
19280,0.65271366
19284,0.3663985
19286,0.8611548
19289,0.9294393
19290,0.45362693
19293,0.6865531
19294,0.71612096
19296,0.54822123
19298,0.87077975
19302,0.67474234
19303,0.46680027
19304,0.93418056
19307,0.6584161
19311,0.8554225
19312,0.6706449
19318,0.8284998
19329,0.7328267
19333,0.89212596
19337,0.9547542
19341,0.7126118
19343,0.9615121
19344,0.579442
19345,0.74159384
19346,0.91499025
19347,0.7040076
19352,0.60348916
19357,0.6859787
19361,0.5880182
19364,0.8311526
19376,0.6779941
19387,0.8453088
19388,0.8719578
19393,0.6188752
19396,0.7825408
19398,0.5023587
19404,0.8731587
19415,0.80405384
19416,0.7285912
19417,0.85807574
19420,0.6815933
19421,0.9135793
19422,0.7477764
19424,0.79045606
19428,0.8327087
19437,0.7854454
19440,0.5697831
19443,0.7749066
19453,0.91120845
19461,0.78333247
19464,0.7059751
19470,0.8245433
19481,0.81049997
19483,0.7202705
19484,0.79328114
19487,0.9029664
19495,0.65215546
19498,0.72727823
19499,0.7582059
19501,0.54968333
19505,0.6290584
19506,0.7615444
19508,0.812255
19510,0.67261326
19513,0.543885
19516,0.8939871
19523,0.40070343
19524,0.85125065
19531,0.6765822
19533,0.5646865
19537,0.68885744
19541,0.7432722
19542,0.8245424
19543,0.76418805
19545,0.92724633
19549,0.72545993
19550,0.6727321
19553,0.7546723
19554,0.55052537
19555,0.7389349
19558,0.8911022
19559,0.6751829
19564,0.6779115
19575,0.76229125
19579,0.7473136
19583,0.6101321
19584,0.82737696
19586,0.75596726
19587,0.7645526
19588,0.8258179
19591,0.7129613
19599,0.8124013
19602,0.90360093
19610,0.6722846
19613,0.81066096
19616,0.87081826
19622,0.7438793
19623,0.5991535
19629,0.8657234
19630,0.48933738
19635,0.3807006
19637,0.9238499
19642,0.6146002
19644,0.8534491
19645,0.71954006
19646,0.7951581
19647,0.83182114
19651,0.65414584
19654,0.9045796
19663,0.8713279
19665,0.85779315
19667,0.8440386
19670,0.68879116
19683,0.907204
19685,0.7954021
19690,0.80581254
19694,0.9155792
19696,0.88067675
19703,0.88575524
19705,0.8400645
19708,0.77763
19717,0.8424364
19727,0.78679585
19728,0.6266509
19740,0.62665623
19742,0.91026485
19744,0.8532616
19745,0.9193932
19747,0.6807093
19748,0.8122075
19750,0.8548468
19753,0.7990309
19754,0.8403981
19757,0.6568825
19764,0.92218214
19767,0.58351636
19769,0.87487745
19779,0.810953
19781,0.90063065
19782,0.618564
19783,0.69087243
19787,0.4136904
19788,0.5833613
19792,0.7006315
19801,0.6462643
19803,0.60953325
19805,0.7488369
19812,0.5617353
19820,0.74505144
19821,0.82132995
19830,0.7116258
19831,0.89915884
19832,0.8890814
19837,0.79147434
19839,0.8568725
19843,0.3840447
19855,0.8354518
19857,0.45495927
19858,0.63411856
19866,0.8089091
19871,0.69758683
19876,0.9200735
19884,0.9144996
19890,0.8165029
19899,0.73888856
19901,0.844478
19902,0.53299993
19905,0.6911402
19908,0.8710705
19910,0.18306404
19911,0.8347087
19912,0.7712227
19916,0.6581458
19925,0.68099314
19932,0.63674676
19934,0.79185563
19936,0.7173468
19938,0.31298226
19942,0.548383
19944,0.63255996
19945,0.7636755
19947,0.6144042
19950,0.6212549
19953,0.78534615
19957,0.3763857
19959,0.8082025
19965,0.6431204
19966,0.9096355
19970,0.81528777
19972,0.6096944
19976,0.84243584
19978,0.4922393
19980,0.85940105
19984,0.7085526
19985,0.7440864
19990,0.7611035
19991,0.7610583
19995,0.67353344
19996,0.73669374
